userName,score,at,content
Yohan Angka,5,2024-09-30 18:15:36,ğŸ¥°
Ahmad thobari,5,2024-09-30 18:12:16,mantap
Essty Ajung,5,2024-09-30 18:10:19,Termakasih
Desi Desi,5,2024-09-30 18:09:38,karna FB saya jadi bisa terhibur
Firman Maulana,5,2024-09-30 18:09:28,Nice
Aliando Tea,5,2024-09-30 18:08:55,Good
Addy Devkkan Aja Dehh,1,2024-09-30 18:02:02,Sering lemot.. tak merespon..ğŸ‘
Zari Zary,5,2024-09-30 18:01:26,baik
Dian Permana,3,2024-09-30 17:55:02,sukses selalu
Irfan Adryan,5,2024-09-30 17:54:09,bagus
aLief_ oLeNk,4,2024-09-30 17:52:13,Cuma mau tanya knp saya ga bisa masuk akun fb.. Tiap masuk selalu minta kode verifikasi.. Pdhl akun sama sandi lengkap bener.. Ya udah gue yang mengalah langsung gue uninstal. Ribet ribett nyesel gue main aplk ini ğŸ˜¤
Indra Key,5,2024-09-30 17:50:42,Asik
poindul erection stringging,5,2024-09-30 17:38:58,Keren mantap dah
Naisila Cell,5,2024-09-30 17:38:44,NAsiLA
Aan Firmansyah,5,2024-09-30 17:38:04,Apik
jhonsius pihahey (Johan Bekke),5,2024-09-30 17:35:36,Maaantaaaap
Modjo Dll,5,2024-09-30 17:31:13,Mantab..emberikan kesempatan untuk para pengguna dalam meyalurkan bakat hobby dan lain nya supaya bisa menghadilkan uang
Rahma Nisa,5,2024-09-30 17:29:29,ok
ogi saputra,5,2024-09-30 17:27:11,"keren dan mantap fitur""nya"
GULANG-GULANG HERBAL,5,2024-09-30 17:22:50,keren ğŸ˜
Putri K,5,2024-09-30 17:18:18,Semoga aplikasi ini menjadi yang terbaik bnyak kemasukan dan berbagai pengalaman menjadi pintu rezeki buat aku sukses slalu
Alif Asegaf,3,2024-09-30 17:15:38,"2A,2T JIU T H2Qz:^"
Fransiskus Sensi Edion,5,2024-09-30 17:11:19,Sukses
Sugiono gogon gogon,5,2024-09-30 17:10:36,Game nya bagus
Arif Estrada,5,2024-09-30 17:03:19,ok
Pandi Syafrudin,5,2024-09-30 17:01:04,Mantap
ØªÙ‰ÙŠ ØªÙ„Ø¨,1,2024-09-30 16:48:34,Ys yayah sahriyah
Hadiman Syah,5,2024-09-30 16:47:17,good
Ramma Sulbar,1,2024-09-30 16:46:22,"saya tidak bisa membuka link di app facebook, selalu meminta saya membeli paket data"
Lissoi lissoi,5,2024-09-30 16:42:40,awesome
Rahmat Nurrahman,5,2024-09-30 16:40:12,iklan tolong d perdikit
jangsari jang,5,2024-09-30 16:36:32,Repot google ply slalu upadete.mngpa perbaruan trs.bung Google ply tingktkn produk baru y Google ply.mkash.
Fernando Kevin,5,2024-09-30 16:35:06,bagus
Deka Machyar,5,2024-09-30 16:28:06,Sukses slalu
Abangogut,1,2024-09-30 16:27:44,"Notif komentar,pengikut dll, sering tidak muncul, sangat menyulitkan sekali untuk berinteraksi"
Hariman SE,5,2024-09-30 16:27:04,"Terus berkarya klg besar BPR Muhadi Muhadi Setia Budi, mdh2an Allah SWT ridho, amin ya rabbal alamin"
Sanijordi Jordisani,1,2024-09-30 16:25:21,"saya mau masuk ke akun sendiri alamat yang saya masuk kan pun sudah benar kode nya benar tapi selalu menyata kan kode nya salah, ini bagai mana cara nya agar saya bisa masuk ke akun saya yang lama, itu semua karna hp saya menginstal tersendirinya"
Ubid Bhepe,5,2024-09-30 16:24:58,Sangat bagus
Jonkpomen Jonk,5,2024-09-30 16:24:21,Ok
Soleh Solehedi,4,2024-09-30 16:23:28,Bagus
Diana Putri,5,2024-09-30 16:19:44,sangat membantu
Andi Putri Arisman Andi Putri Arisman,5,2024-09-30 16:19:08,Mantap
Gabe Saortuapangaribuan,5,2024-09-30 16:12:14,Bagus
Yadi Cahyadi,5,2024-09-30 16:11:08,Ok dengan info yg memberi pengetahuan terbaru
Anton82,5,2024-09-30 16:10:36,Bagus
Feby Yudha Rosfadino,4,2024-09-30 16:10:12,Plis mode profesional nya kok belum ada ya?? Pdhl bikin fb udh dri tahun 2010an
Rio io,5,2024-09-30 16:08:49,Mantapo
Mul Yana,3,2024-09-30 16:08:45,Mantapkan
Nur Adam,5,2024-09-30 16:05:54,Berkebun
Syukron,1,2024-09-30 16:02:30,Akun ilang trooos
Tamtam Mbois,5,2024-09-30 15:59:48,Bagus
Muri Rahman,5,2024-09-30 15:51:34,good
Fadli dolo Ancung,5,2024-09-30 15:51:30,Bagus dan aman untuk digunakan..
Rohmat Hidayat,4,2024-09-30 15:51:27,so far so good
luthfi Almahdi,5,2024-09-30 15:45:16,mantap
Brian Batee,5,2024-09-30 15:42:44,Semoga sukses selalu
Salzu Mutiara,5,2024-09-30 15:41:23,semoga amanah. dan bermanfaat
AjajangHaris Haris,5,2024-09-30 15:36:01,Mantap sekali ğŸ‘ğŸ‘ğŸ‘ğŸ‘ğŸ‘ğŸ‘ğŸ‘â™¥ï¸â™¥ï¸â™¥ï¸â™¥ï¸â™¥ï¸â™¥ï¸â™¥ï¸â™¥ï¸â™¥ï¸
Lanjar Adipramono,4,2024-09-30 15:35:52,Ska main fbuk sangat bagus
Abdul Jalal,5,2024-09-30 15:34:55,luar biasa meta joss pokoknya
Wiwin Wiwin,5,2024-09-30 15:25:57,sangat bagus
Amin Rais,5,2024-09-30 15:25:24,ğŸ‘
Gina Ardhya garini,5,2024-09-30 15:23:06,"Semoga bisa dapet penghasilan dari aplikasi ini kaya orang lain,amin."
Haris Witanto,5,2024-09-30 15:22:39,FB mantap
Aries toteles Sitomang,5,2024-09-30 15:22:14,bagus untuk semua ...
Roy Novian,4,2024-09-30 15:21:25,Bagus
Haris Makripat,5,2024-09-30 15:20:20,Matappp
Danil Kastelo,5,2024-09-30 15:15:27,Aplikasi yang bagus keren dari pertama bikin akun tahun 2011 skrg sdh 2024 selalu memberi wadah bagi konten kreator untuk mengembangkan eksistensi nya terima kasih facebook
Maya Ulfa,5,2024-09-30 15:14:49,Coba deh
Siti Subaekah,5,2024-09-30 15:11:08,Sangat bagus
asep Grib,5,2024-09-30 15:05:06,bagus
Soleman Binbambang,5,2024-09-30 15:04:05,Mantap
Fara Nisa,5,2024-09-30 14:58:14,Oke
Untung Juragan Tomat,5,2024-09-30 14:57:55,sejauh ini masih bagus
Seniman Demiril,5,2024-09-30 14:54:56,Mantap
iketut agus Sartika,5,2024-09-30 14:54:48,bintangku jauh
pri yadi,5,2024-09-30 14:54:34,luar biasa..bermanfaat
Biyan Sunday,5,2024-09-30 14:53:55,Aplikasi yg sangat bagus
Ridwan Irawan,5,2024-09-30 14:53:48,terima kasih semua nyağŸ’ª
Mukhamad adi Firmansyah,5,2024-09-30 14:49:55,good
Wahab Yonto,5,2024-09-30 14:49:14,Bagus untuk hiburan dan info publik.
Danang Nusantara,5,2024-09-30 14:47:23,Good
Muhsinun 05,5,2024-09-30 14:46:57,Sangat bagus
Maman Azza,5,2024-09-30 14:44:57,Trima kasih meta smoga bisa dapat cuan hasil kreator
Miko,5,2024-09-30 14:44:02,bisa pas gitu ya ka cetak casing unik bikinanmu sendiri yang sakit hati tak tenang dan bahagia dan gembira dan mengenali diri dibelakang mata kita memandang rendah hati
Ramzan Zazali,5,2024-09-30 14:43:10,Keren
Enti Enti,1,2024-09-30 14:42:09,Memasak
ODILINA ZAI,5,2024-09-30 14:41:10,Semoga aplikasi facebook dari meta sukses selalu
Adi Sudrajat,5,2024-09-30 14:40:34,Ok
Anis Anissa,1,2024-09-30 14:40:10,"Error,nggak bisa liat notif,garis tiga dipojok,,,pokoknya yg diatas hilang"
Yudi Pras,4,2024-09-30 14:37:32,baik dan bagus
Ketut Suriawan,5,2024-09-30 14:36:41,sangat bagus
Henny Fadlina,5,2024-09-30 14:36:39,ok
Oska Mulyana,5,2024-09-30 14:31:20,Top
Ijang Yeuh,5,2024-09-30 14:31:04,Sangat bagus
Iyon Maryono1505,5,2024-09-30 14:30:31,sangat baik
narjo Wiyono,5,2024-09-30 14:29:59,Bagus membantu
Fia Sagaf,4,2024-09-30 14:29:38,Baguss
I gede arya Gautama,2,2024-09-30 14:28:55,Tampilan pada notifikasi di Facebook kadang ilang kadang muncul sendiri dan lebih sering bilang nya..
Arfan Rahman,5,2024-09-30 14:28:46,Ok
jepri jepri,2,2024-09-30 14:26:58,Semenjak diperbaharui sy tidak bisa ngecek notif terakhir yg muncul
Aji Gojin,3,2024-09-30 14:26:41,manap
Rai Sya,1,2024-09-30 14:26:30,Aduh gmna ni aplikasi lmot pdhl dh D update kdg klw up vidio suka gx bsa
Bay Liy,5,2024-09-30 14:25:49,untuk jadi konten kreator
Melia Hasnah,5,2024-09-30 14:24:53,good job
Yana Zaqiah,5,2024-09-30 14:23:42,sangat bermanfaat sekali
Opo Jare,5,2024-09-30 14:23:14,good job
Mak Bess,5,2024-09-30 14:23:11,Allhamdulillah bromo
Saman Hutasoit,5,2024-09-30 14:23:00,Mantap kx bah
Gilbet Gurik,5,2024-09-30 14:22:58,guts
Jhanry Nainggolan batuara,5,2024-09-30 14:20:24,Sangat puas
Ahmad sarep Sarep,5,2024-09-30 14:19:59,ok
Astati Astaqimah,1,2024-09-30 14:19:25,Aplikasi sering mengalami eror secara tiba-tiba saat sedang digunakan.
aris Kacong,5,2024-09-30 14:16:41,Mantap
Tison Bangde,3,2024-09-30 14:16:12,Ksh 3 dlu
Jayadi pga,5,2024-09-30 14:13:04,Sangat membantu kita semua
Arditia Gunawan,2,2024-09-30 14:12:36,Pengen kasih bintang 5 tapi fb skrg jadi ga ke buka tolong dong perbaikan nya
Tata Julianti,5,2024-09-30 14:11:41,penggemar berat Facebook ğŸ’–ğŸ’–ğŸ’–
feri tea,5,2024-09-30 14:11:29,Lebih di tingkatkan lagi
Rizky Elvano,1,2024-09-30 14:11:18,"Fb sudah tidak berguna , postingan jualan saya d grup2 selalu di hapusss cuihhh !!! Matiin rejeki orang aja"
Mochil GG,3,2024-09-30 14:09:15,Tranfes pakai qris saldo udh kepotong tapi uang gak masuk
FAUZAN ASROFI,5,2024-09-30 14:08:12,semoga di monet metağŸ¥°
Angga Saputra,1,2024-09-30 14:06:46,Kurang
Dedy Sutomo,5,2024-09-30 14:05:59,Mantap
Mas Tonji,5,2024-09-30 14:05:58,Fb prosaya tidak muncul mohon pencerahanya
Andi Labusel,3,2024-09-30 14:05:44,Mantap lah pokok ya
Alyn Marlina,5,2024-09-30 14:05:40,The best
Prince Rama,5,2024-09-30 14:03:32,uwau
Ali Rohmad,5,2024-09-30 14:01:29,terimakasih
Tri Pujianto,5,2024-09-30 14:01:13,alhamdulillah
Dafit Lite,5,2024-09-30 13:59:41,Bagus
FIRDAUSSAJA SITIAMINAH,5,2024-09-30 13:57:30,Bagus
Surip Yadi,5,2024-09-30 13:56:54,Baik
Romi Ibrahim,5,2024-09-30 13:56:54,mantap
Ghina Maulida,5,2024-09-30 13:56:48,keren
Riyansah Heki,5,2024-09-30 13:54:35,saya senang menggunakan FB
Afril Nurya,5,2024-09-30 13:54:07,keren
Sri Kurnia,5,2024-09-30 13:52:47,jangan lupa bahagia buat smua temankuh di FB....
Cep Ohang,5,2024-09-30 13:51:13,Halow
Anita Ar,2,2024-09-30 13:50:59,BgusğŸ¤©ğŸ’œğŸ’œğŸ’œğŸ’œğŸ’œğŸ’œğŸ–¤ğŸ–¤ğŸ–¤ğŸ–¤ğŸ–¤ğŸ’ŒğŸ¤—ğŸ¤ğŸ¤—â¤ï¸ğŸ§¡ğŸ’›ğŸ’šğŸ’™ğŸ’œğŸ–¤ğŸ’˜ğŸ’ğŸ’–ğŸ’—ğŸ’“ğŸ’ğŸ’•ğŸ’ŒğŸ’Ÿâ™¥ï¸â£ï¸ğŸ’”ğŸ’‹
Wayan Tis,5,2024-09-30 13:48:58,saya suka sekali
Bang Bily,5,2024-09-30 13:48:32,bagus
Bukan sembarangan,5,2024-09-30 13:48:31,ok lahh
Choirul Mufid,4,2024-09-30 13:47:46,Oyi
Fadli Ketapang,5,2024-09-30 13:45:57,sangat bagus sekali
Nur Hidayat,1,2024-09-30 13:45:39,Tidak bisa membuka link dengan alasan tidak ad data. Padahal ad paket.
Gede Ratmaja,5,2024-09-30 13:44:29,Lebih Bersaing Dengan Aplikasi2 yg lain
Mang Arka,5,2024-09-30 13:40:51,Very good ğŸ‘ ğŸ‘ ğŸ‘Œ
Usman Ali,5,2024-09-30 13:40:39,bagus
MOH. SOLEHUDDIN (Carank Gaming),5,2024-09-30 13:40:27,"Saran untuk bisa menambahkan lokasi terkini dan juga harus memakai nama lengkap dan juga alamat lengkap. Jadi postingan"" tidak bersifat anonim. Thanks"
Ilhamsyah,5,2024-09-30 13:37:16,Aplikasi legend yang menggeser friendster
Darman Bora,5,2024-09-30 13:37:08,Sangat baik
Muhammad Amin,5,2024-09-30 13:36:09,buat hiburan
Arif Arlansyah,3,2024-09-30 13:31:32,Berguna sekali
Jeli Bulu,5,2024-09-30 13:31:05,mantap...semoga bermanfaat untuk pemula dan jangkauan makin luas..terimakasih
Apay logem,5,2024-09-30 13:30:33,"Komentar di postingan ga masuk ke pemberitahuan, tolong di perbaiki agar saya bisa tau apabila ada orang yang berkomentar di postingan saya"
Anas Nr,5,2024-09-30 13:29:25,anada luar biasa meta
Kadek Merta,5,2024-09-30 13:26:59,sangat cepat
Ahmad Alfarizky,1,2024-09-30 13:24:49,Terdapat bug yaitu gak bisa tag seseorang di komentar tolong perbaiki
Tamatinaa Tasya12,5,2024-09-30 13:23:12,Halo Facebook kembang FB ku
Holdi Bae,5,2024-09-30 13:22:56,"BAGAI, MANA, CARA, BUKA , FACEBOOK, LETE"
Diniagustina Tina,5,2024-09-30 13:20:32,Sangat bermanfaat
fatmawati rahaded,5,2024-09-30 13:18:27,Tolong di perbaiki jgn error trs knp setiap aku masuk login gtu tertulis waktu habis kenapa sih? Tolong knp waktu habis terus kah
Otonomi Hlw,1,2024-09-30 13:16:52,"Aplikasi buruk, rusak, gk guna."
Rusydi Asy'ari,5,2024-09-30 13:14:41,siap
Pani Ardi,5,2024-09-30 13:10:20,mantap
Imroyati Iwoh,5,2024-09-30 13:06:16,good
wahyu priono,3,2024-09-30 13:02:10,Kenapa tampilan Facebook saya semua menunya hilang termasuk tombol titik 3 ttg pengaturan.
Anisa Zahra,5,2024-09-30 13:01:04,cakep
Ari wanita,5,2024-09-30 12:59:25,Ari Saputra
Dimas Satriya,5,2024-09-30 12:58:46,Bagus tapi mohon di perbaikilah di karenakan kalau mau login akun tidak bisa makanya mohon di perbaikilah secepatnya
Udin Dev,5,2024-09-30 12:58:45,mantap
ÃNTÃ“NIUS FÃ‰BRYÃNTÃ“,5,2024-09-30 12:58:15,aplikasinya sangat the best
Daytt Fivers,5,2024-09-30 12:56:38,baguss
Makin Amin,5,2024-09-30 12:53:14,Sangat baik
Dyuuff Dyuvyu4,5,2024-09-30 12:52:46,Iya
Dian Candra,5,2024-09-30 12:52:25,good Jobs
Andi Saja,2,2024-09-30 12:47:02,Kok nggak muncul gambar cuma layar putih
Ulle Van Hanson,5,2024-09-30 12:46:43,Mantap
Sugian,3,2024-09-30 12:46:25,Lumayan
andi bae,5,2024-09-30 12:45:07,Terima kasih FB media sosial yg bermanfaat dan menambah ilmu
Rizalfutra Rizalfutra,5,2024-09-30 12:44:15,Mantap
Hajrul Fatwa,5,2024-09-30 12:41:02,Alhamdulillah
Bang bang John,5,2024-09-30 12:40:09,mantap
Johari Bima,5,2024-09-30 12:35:50,sangat puas
Noid Daeng ella,5,2024-09-30 12:34:59,bagus
Guntur dwi prabowo â€œGeGe XOâ€ Prabowo,5,2024-09-30 12:26:40,Bagus vitur ini
Yukiawan Yukiawan,1,2024-09-30 12:26:00,Aplikasi jelek mau posting aja ga bisa
Ahmad Creew,5,2024-09-30 12:25:20,mantap
Illusion Maker,1,2024-09-30 12:24:54,Kenapa saya tidak bisa beralih ke mode data untuk membuka tautan di browser eksternal?
Ina Apriani,1,2024-09-30 12:24:54,"Saya baru saja membeli bintang,transaksi bank berhasil namun tidak ada di fb saat saya mau menggunakan"
Husnul Khatimah,3,2024-09-30 12:24:34,Kecewa sama fb
Yosi yosepa Pagor,5,2024-09-30 12:23:33,Semoga meta semakin maju terus membantu orang2 yang membutuhkanğŸ™ğŸ»
Muja Hidin,5,2024-09-30 12:22:52,Ok
Petaling Jaya,5,2024-09-30 12:21:33,Sngat bagus
Indra Pratama,5,2024-09-30 12:21:29,Keren
Ur. Cristiano,1,2024-09-30 12:19:27,"Saya mohon kepada Facebook agar memperbaiki segala bug salah satunya bug pesan, seperti yg saya alami ada bug pesan mohon agar segera di perbaiki. I beg Facebook to fix any bugs, one of which is a message bug, as I experienced a message bug, please fix it immediately"
Evan Tri Sugiantoro,5,2024-09-30 12:19:06,terimakasih Facebook Evan Tri G
Ade Sukmana,5,2024-09-30 12:18:33,bagus
Adelia Nathan,5,2024-09-30 12:18:22,Sangat membantu
Rolz 4You,2,2024-09-30 12:17:42,Tidak semua hp bisa menggunakan Facebook gratis
M andini,5,2024-09-30 12:17:02,sangat memuaskan ğŸ˜Š
Win Win,5,2024-09-30 12:15:48,Ok
Sugiono Bagas,5,2024-09-30 12:14:46,Terbantu sekali
Ajul saputra Ajul,5,2024-09-30 12:13:27,Sangat bagus
Zainuri Hari,5,2024-09-30 12:12:19,sangat membantu
FRR POTRET,5,2024-09-30 12:10:47,enak di pahami aplikasinya
Anggra Aini,5,2024-09-30 12:10:01,"Untuk fitur vidio reels ataupun vlog , bisakah fitur editnya di tambahin"
CERMIN WAP,5,2024-09-30 12:08:18,amazing fulus fulus
David Gignag,1,2024-09-30 12:07:38,"Your sponsor ads is annoying, it get click when scroll, its horizontal page, give you 1 star"
Cecep sk. Andriyona,5,2024-09-30 12:06:23,Aplikasi yg sangat membantu untuk bersosial media
Ayu Sri,5,2024-09-30 12:04:28,bagus
ayahancu Bundatuti,5,2024-09-30 12:04:09,Mantap
Gaza Attar,5,2024-09-30 12:03:03,baik
Nengsi Silalahi,5,2024-09-30 12:00:47,Mantap
Sari Sari,5,2024-09-30 12:00:27,Sangat meyenangkan
Hasan Udin,5,2024-09-30 11:59:12,sangat good
Khalim Lim,5,2024-09-30 11:58:57,terbaik
Mang Upe,2,2024-09-30 11:57:44,Kuliah kerja serabutan
Edi Purwanto,5,2024-09-30 11:55:56,saya sangat puas
Mohammad Suardi,5,2024-09-30 11:55:37,sya berikan bintang lima
Ahmad Solihin,3,2024-09-30 11:52:54,Smga lancar dan bermanfaat
Yuyun Musada,5,2024-09-30 11:52:35,semngat owan... â™¥ï¸â™¥ï¸â™¥ï¸â™¥ï¸â™¥ï¸â™¥ï¸â™¥ï¸â™¥ï¸â™¥ï¸â™¥ï¸â™¥ï¸â™¥ï¸â™¥ï¸â™¥ï¸â™¥ï¸â™¥ï¸â™¥ï¸â™¥ï¸â™¥ï¸â™¥ï¸â™¥ï¸â™¥ï¸â™¥ï¸
Novandra Lunang,5,2024-09-30 11:49:43,sangat senang sudah bergabung di Facebook pro
Erviana Irma,1,2024-09-30 11:47:52,ğ‘€ğ“Šğ“ƒğ‘”ğ“€ğ’¾ğ“ƒ ğ’¸ğ“Šğ“€ğ“Šğ“… ğ’·ğ“Šğ’¶ğ“‰ ğ’¶ğ“…ğ“… ğ’¾ğ“ƒğ’¾ ğŸ¥µğŸ¤¬ğŸ˜‡
Yuli Ati,4,2024-09-30 11:46:56,Sangat membantu
Ardian Wsp,5,2024-09-30 11:45:28,oke
Fatkhur Rohman,5,2024-09-30 11:43:11,jos
Sunanto Ateng,5,2024-09-30 11:42:09,Ok
Snowden Weya,5,2024-09-30 11:42:05,sangat Puas dengan kinerja Meta
Nando Gebze,5,2024-09-30 11:35:46,sangat baik dan mantap
Kuyz fredoom09,2,2024-09-30 11:34:38,sekolah
sinta Calm,5,2024-09-30 11:31:30,ğŸ‘ğŸ‘ğŸ‘
malik ridwan 1703,5,2024-09-30 11:30:52,Bagus
Dark Ness,2,2024-09-30 11:30:11,Ga update ga login game jing
Abu bakar Sidik,5,2024-09-30 11:29:54,Lier loba teing akun FB na
Anhas L,5,2024-09-30 11:28:40,ğŸ˜¡ğŸ˜¡ğŸ˜¡
Bansaattt87 gilabenerr,5,2024-09-30 11:27:53,Suka
Muhammad Zainuri,5,2024-09-30 11:27:36,Bagus
L AKBAR KHOLIK,5,2024-09-30 11:25:03,Baik
Iskandar Haji,2,2024-09-30 11:24:09,YÅµÃ 
Moh iqbalul Khoiri,1,2024-09-30 11:23:44,Akun facebook gampang kehack gua punya akun facebook 2 kenek hack semua tolong di perbaiki
Patimah Virot,5,2024-09-30 11:23:35,Wow keren apk nya dongload sekarang kalau gak dongload nyesel
Sunar Ardi,5,2024-09-30 11:21:10,Mntap
Karsid Susanto,5,2024-09-30 11:19:13,Ok
Novita Liana,1,2024-09-30 11:15:32,Gak tau kenapa facebook saya tiba d blok padahal gak pernah komen aneh2 gak perna posting aneh2 mlah d blok kata nya melanggar ketentuan.. gimana solusi nya.. mana itu fb lama lagi..
Nanda Firnanda,5,2024-09-30 11:15:10,terbaik
Rolla Prassachay,1,2024-09-30 11:12:11,Menu di layar atas selalu hilang
Google Slots,5,2024-09-30 11:10:42,Bagus
Gion Duis saputra,1,2024-09-30 11:10:36,"Kok FB sekarang suka eror ya Padahal kita udah ngetik sandi akun malah muncul tanda sandi salah,padahal saya udah ngetik sandi yang betul dan gak pernah di ubah kok bisa jadi salah sandinya"
ellena singkawang,5,2024-09-30 11:09:29,FB::MantafğŸ‘ğŸ‘ğŸ‘ğŸ¥°ğŸ¥°ğŸ¥°
Kakang 1099,5,2024-09-30 11:08:05,"the best internasional,segera dimonetifikasi yah fecebook udah gak sabar pengen ngontenğŸ˜"
wahyu utami,5,2024-09-30 11:05:56,sangat baiik
Ganzz D Sini !,2,2024-09-30 11:05:31,"Tolong aplikasi nya ada fitur hapus email Facebook,soal nya sekarang sudah tidak bisa, tolong adakan fitur hapus email"
Jufian MIMI,4,2024-09-30 11:05:29,Menurut saya perlu di tingktkn lgi
Agus Santoso,1,2024-09-30 11:02:47,Ok
Rizzall,5,2024-09-30 11:01:00,bagus deh
Vino Tzyy,5,2024-09-30 10:59:49,ğŸ˜
Asmaun Alim,5,2024-09-30 10:58:50,Bismillahirrahmanirrahim kunpayakun mu
Muhamad Rafli Kamal,5,2024-09-30 10:56:37,"Walaupun terkadang masih suka terdapat bug pada tampilan dan juga fitur, saya masih menyukai facebook sampai saat ini"
Sibro Malisi,5,2024-09-30 10:52:48,Baguss
HENGKI KURNIAWAN,5,2024-09-30 10:52:41,Mantap
Febry Saputra,5,2024-09-30 10:51:39,lanjutkan jgn kasih peluang yg kosongğŸ‘ğŸ‘ğŸ‘â¤ï¸
Ian Antono,5,2024-09-30 10:51:33,Okok
casildo faeyza,2,2024-09-30 10:51:15,"Aneh ko setelah di updet malah makin jelek,, masa nonton vidio jadi kepotong layarnya sama tampilan beli data dan mode data"
Ikhwan Arifin,5,2024-09-30 10:51:09,Good job
Jajang Umbara,5,2024-09-30 10:50:20,"seruu,,, bisa menambah teman untuk berinteraksi"
Da Damrah,5,2024-09-30 10:48:02,sangat baik
nikodemus bere,5,2024-09-30 10:47:20,sangat baik
Fais Fahrudin,1,2024-09-30 10:47:08,postingan foto 360Â° gak bisa gerak
Anie Tambunan,5,2024-09-30 10:41:10,kerenn
Jumaini Aini,5,2024-09-30 10:34:08,bagus dan mendukung
achmad badruz zaman,5,2024-09-30 10:34:07,"Kenapa setelah di upgrade,nggak bisa dibuka?"
Bram Rahanda,4,2024-09-30 10:32:38,bagus
Mat Vaisz,5,2024-09-30 10:31:29,Sangat Memuaskan
Aska Ngevlog,1,2024-09-30 10:26:57,Saya konten kreator fb pro kenapa 1 minggu ini saya tidak bisa upload reels tanpa alasan yg jelas padahal itu sumber utama pendapatan saya
Nia Kurniasih,1,2024-09-30 10:25:56,FB sangat parah sekarang sering gangguan terus..
Mas Samin,4,2024-09-30 10:23:28,good job
siti maysyarah,1,2024-09-30 10:21:41,tombol menu bagian atas hilang mulu
Zainun Najib,4,2024-09-30 10:19:47,"Udah mantap sih,, cuman masih ada kekurangan nya,, contoh nya mau upload durasi video yang 10 mnt aj gk bisa harus lewat lite itu juga kadang bisa kadang enggak"
Widyawati,5,2024-09-30 10:18:57,FeRDi
Ali Yah,5,2024-09-30 10:17:26,mantap
Fari Din,5,2024-09-30 10:13:27,cukup membantu info teman2 ğŸ™ğŸ™
Rerep Bekok,4,2024-09-30 10:10:22,bagus selama ini.cuma nguras kuota dibanding yang lite.
Nela Moro,5,2024-09-30 10:07:17,Saya mau berusaha
Mas Nur,5,2024-09-30 10:04:01,ok
Yeti Susanti,5,2024-09-30 09:59:05,suka
Ramdlan Hidayat,5,2024-09-30 09:58:39,biar bintang yang berbicara
Juri Wiono,5,2024-09-30 09:55:52,menyenangkan bisa menambah jangkawan teman dan menghibur
Elvhy Chintya,5,2024-09-30 09:47:31,FB terbaikk
Dhenz Adiw,5,2024-09-30 09:44:23,bagus
Juju Juhanna054,3,2024-09-30 09:44:20,Bgus
Peday Eday,5,2024-09-30 09:43:56,terimakasih
Md Muzzamil,5,2024-09-30 09:24:37,MD MuzzyoL
Eryanto Arbi,5,2024-09-30 09:22:29,Good keren
Arsim ajah Arsim ajah,5,2024-09-30 09:20:45,good
Duri An,1,2024-09-30 09:20:18,semoga lebih baik lagiğŸ™ğŸ™ğŸ™
Jar No,4,2024-09-30 09:18:33,Facebook semogaselalu meningkatkan pelayanan
Bg Saranghae,5,2024-09-30 09:18:10,Good
Imam Mukhlisin,1,2024-09-30 09:14:08,Marketplace di Facebook 95% penipu...
Martabak Boim vandjava (Boim),5,2024-09-30 09:13:34,Good luck
Jhose Renhoar,5,2024-09-30 09:11:48,terlalu keren
ismail akun,5,2024-09-30 09:11:42,boleh
Ukiq Pengamen,1,2024-09-30 09:11:06,selalu ambil yg bermanfaat bisa membantu atau meringankan pekerjaanku
Pak Mukhtar,1,2024-09-30 09:11:01,"Telalu sering update tapi kualitas kurang bagus,"
Tantra Puja,4,2024-09-30 09:08:48,Postingan sering gagal
Boim Boy,3,2024-09-30 09:08:02,Baguss
Safira Nurul Husna,5,2024-09-30 09:07:06,puas
nenden widyawati rahayu,5,2024-09-30 09:07:04,terbaik
noril handri yuni,5,2024-09-30 09:06:45,Sangat suka
Aulia Husna,5,2024-09-30 09:06:44,"Makin cinta sama aplikasi ini , sukses terus buat Meta"
Khairul San,5,2024-09-30 09:03:45,free
Aisyah Nurjannah,1,2024-09-30 09:03:00,WA
Habiba Vidyantika,5,2024-09-30 09:01:32,bagus banget sip deh oke ğŸ™
Raka Viola,5,2024-09-30 08:59:31,Mantap
achmad deni,5,2024-09-30 08:57:47,ok
Salsabila Jauza kamilah,3,2024-09-30 08:55:25,fitur fiturnya kurang baik
Longginos Cardoso,3,2024-09-30 08:54:44,coba dlu
Muhamad Haerudin,1,2024-09-30 08:54:25,akun fb saya tidak bisa livestreaming
nur suparman,5,2024-09-30 08:54:00,Mantap
Ahmad Ahmad,5,2024-09-30 08:52:45,mantap dengan fb kita bisa menambah persaudaraan
Ahmad Ahmad,5,2024-09-30 08:51:25,aplikasi menyenangkan
Siti Nurbaiti,5,2024-09-30 08:51:07,bagus semakin ada kemajuan ğŸ‘ğŸ‘
Ee Ko87,5,2024-09-30 08:49:39,good
Fernando Nando,1,2024-09-30 08:49:32,Facebook banyak bokep ny tolong di hilangkan kan anj
Jun ?,1,2024-09-30 08:47:06,to many bug
Dhy Ern,5,2024-09-30 08:45:26,semoga cepat gajian
Khan Muhansa (Sadat S),5,2024-09-30 08:39:50,the best
Rahman Lome,5,2024-09-30 08:37:11,Kenapa Facebook saya berubah Facebook Lite
junot ujink,5,2024-09-30 08:34:08,asik
Z faat,5,2024-09-30 08:32:29,"Bagus perlu ditingkatkan lagi, bagaimana cara menghapus nama dua akun?"
Yuliana Zia,3,2024-09-30 08:28:07,tolong fiturÂ²nya di aktifkan semua jangan lelet ğŸ˜ŒğŸ˜”
Armet Harita,5,2024-09-30 08:24:46,memberikan pengalaman pribadi dan cukup menghibur
selpii nurhayati,1,2024-09-30 08:24:40,"tolong dong ini gmn stiap masuk akun fb pasti ada aja gangguan nya seperti ""tidak dapat login"", terus ""waktu sesi habis"" jelas jelas nomor smaa sandi bener semuanya tlong prihatin lgii"
Boe Zoel,5,2024-09-30 08:23:22,Ini sangat seruh dan juga tidak menyedot internet
Nurlaela Sari Arifin,5,2024-09-30 08:20:01,ğŸ‘
Fatah 11z,5,2024-09-30 08:16:36,lumayan
Pebri Anto,5,2024-09-30 08:14:02,Kalau bisa di tingkat kan lagi kecepatan koneksi dan semua tampilan yg di posting
Anto Bone,5,2024-09-30 08:11:55,Keren
Rinto Zalukhu,5,2024-09-30 08:11:50,Bagus ..... Follow akun FLORA HIAS TEntang tanaman hias
Alesha Secret,5,2024-09-30 08:10:10,"fb aplikasi merakyat ,jualan bisa juga,hiburan ,fb pro mghasilkan cuan"
Abd rahim Rahim,5,2024-09-30 08:06:11,"Slam kenal semua,, ğŸ™ğŸ™"
sulfinmahri. 97,5,2024-09-30 08:04:05,Sangat membantu dan menghibur
Hendrik Andrean,2,2024-09-30 08:03:49,marketplace tidak ada
Apa Apa,5,2024-09-30 08:03:43,8u..m.7l.98n 897.8897
Trilocohan Naik,5,2024-09-30 08:03:27,Noapdeat
Ida Ida,5,2024-09-30 08:03:06,agar lebih luas jangkauan
Tamba Raja,5,2024-09-30 07:57:58,Bagus n mantap
Atep Kisut,5,2024-09-30 07:57:33,mantap
Decy Ellen Souhuwat,3,2024-09-30 07:56:29,tidak dapat memutar kamera ketika live
Ssukirno2299,5,2024-09-30 07:54:44,Joss pokoeğŸ™
Riyan Abdul,1,2024-09-30 07:52:19,Makin banyak video sesat
Agam Marugul,5,2024-09-30 07:49:25,mantap
Insucå…ˆè¼©,3,2024-09-30 07:46:20,ini wa nya gak bisa gimana Ã 
Jaring Anum,2,2024-09-30 07:42:38,Facebook sekarang kebanyak iklan judi onlinenya!
Tino1987 GGMU,3,2024-09-30 07:41:57,Udh beli tp kok gx masuk ya
Laila Azzahra,5,2024-09-30 07:41:23,Mantappp
MHDAMRAN MAULANA,5,2024-09-30 07:40:01,Sangat bagus sekali
Ajisman Mandai,1,2024-09-30 07:36:53,mantap lah
ihsan saputra,5,2024-09-30 07:32:19,Masih Menjadi Aplikasi Favorit ğŸ˜
Joni Syahputra,5,2024-09-30 07:27:05,Berbagai
Phapa Khece,5,2024-09-30 07:23:25,makim keren
Ayip Alfariz,5,2024-09-30 07:22:00,Bagus
Djatim Jatim,5,2024-09-30 07:17:06,keren
Aipda EROSEM NUHUYANAN,2,2024-09-30 07:16:16,Saya beli star 1200 harganya 342000 tidak masuk gimana ini
Wahyu Siregar,5,2024-09-30 07:13:51,sangat membantu bagi saya
zeephenx Bahars,5,2024-09-30 07:11:41,Mantaapppp
Oppo A17,5,2024-09-30 07:07:15,Sangat tertarik
Didi Faisal,3,2024-09-30 07:04:50,Mksh meta
Lia Fuzi Lestari,5,2024-09-30 06:59:18,cakeeeeppp ğŸŒ¹
Isma Wati,5,2024-09-30 06:54:49,sangat bagus aku suka
Atthar Hasan,5,2024-09-30 06:54:19,bagus
Dani AF,5,2024-09-30 06:52:40,Menurut saya sangat bagus dan cara nya mudah di pahami dan gampang di gunakan di kehidupan sehari hari pokoknya sangat rekomen dah
Jihan Asyifatul Qalbi,5,2024-09-30 06:51:48,Teruskan tingkat kan kemajuan aplikasi facebook agar makin terdepan
Nur Rohmad,5,2024-09-30 06:51:33,Bagus bisa mengetahui informasi tentang apa saja
Sandi Putra,5,2024-09-30 06:49:26,mantap
YouTuber Receh,5,2024-09-30 06:44:44,Semenjak ada FB pro..main FB lebih seru
izna gisella,5,2024-09-30 06:43:19,sukses selalu fb ğŸ‘ğŸ»
Ahamd Dialo,5,2024-09-30 06:36:08,sangat baik
Rohimah Imah,4,2024-09-30 06:36:01,"Bagus, cuma ngga bisa diupdate"
Lissa Latisa,4,2024-09-30 06:35:26,"Untuk postingan Video, reels dan Live tolong lah di pisah, biar rapi penempatannya. Orang yang Nonton juga bisa lebih nyaman"
marlyana bangun,3,2024-09-30 06:34:43,Bagus
Arfan Alfarizi,5,2024-09-30 06:34:42,top
Gjf Gengkoa,5,2024-09-30 06:31:33,Apik
riyan doank,5,2024-09-30 06:22:37,terbaik
Zulfikar 77,1,2024-09-30 06:20:37,"Icon watch video hilang di akun FB saya, tidak ada juga pengaturan sudah berlangsung beberapa tahun"
Galum Mora olo,5,2024-09-30 06:19:20,Saya suka
opay oceh,5,2024-09-30 06:17:28,Lanjutkan
Oka Diari,5,2024-09-30 06:15:22,Baik tuk pertemanan sayangnya komennan suka dibatasi sama fb
Aliza Liza,5,2024-09-30 06:14:59,sangat baik
kardi mubarok,5,2024-09-30 06:10:29,Sarang para penipu penjual online
Zania ISMA,3,2024-09-30 06:09:10,Buka
Ernida Wati,5,2024-09-30 06:02:52,ok banget
Vsvsvss shss,4,2024-09-30 05:57:41,Good
Kontol Lodon7,2,2024-09-30 05:57:23,Nikah Pacaran Punya anak
Rabby Awal,4,2024-09-30 05:56:48,"Tolong bantuannya, di akun saya tidak bisa mencari saat ingin nonton live streaming & selalu muncul permintaan lokasi"
Muhamad Alfiyan Wahyudi,5,2024-09-30 05:55:44,Keren
Aza Aje,5,2024-09-30 05:52:20,Mantul fb
Taufik Irmansyah,5,2024-09-30 05:50:17,the future of driving ...agree
Uci Black,5,2024-09-30 05:50:12,good
Abdul Rahim Pardede,5,2024-09-30 05:49:09,ğŸ˜œğŸ˜‚ğŸ˜‚ğŸ˜‚ğŸ¤ª
Rysa Nurfdlhh,5,2024-09-30 05:46:37,saya suka apk ini sangat membantu
Azkia Mahira,5,2024-09-30 05:46:26,ğŸ™‚
Samsulbahri Samsul,5,2024-09-30 05:45:37,suka dengan aplikasi Facebook nya
Uten Musa,5,2024-09-30 05:43:28,sangat puas
Jhon Fransisco,4,2024-09-30 05:42:15,mantap
Dedisuandi S,5,2024-09-30 05:36:57,sanga bagusss
moat babong,5,2024-09-30 05:32:33,Bagus
Deden Begeng,5,2024-09-30 05:32:17,sangat puas
Fauzan Ton,5,2024-09-30 05:31:59,sangat baik dan membantu
yuwono,5,2024-09-30 05:25:07,Bagus sekali
Andi Samuri,2,2024-09-30 05:24:41,Setelah di update malah gak bisa upload video reel... makin kesini makin kesana
Imas Masitoh,5,2024-09-30 05:24:25,mantap
Yohanes Mone,5,2024-09-30 05:24:24,Mantap Facebook bisa menemukan temanÂ² baru
Liza Sembiring,5,2024-09-30 05:22:30,Sangat menginspirasi sekali.
Kontol lodonn,4,2024-09-30 05:20:43,Tolong di perbaiki lagi kepada pihak Facebook Facebook sekarang banyak bug saya suka beli akun game online Log fb suka bug gak bisa hapus nomor dan email dan sekarang banyak Yang pada terkunci akun Facebook nya Mohon untuk di perbaiki lagi Terima kasih
Tongkat Sihir,5,2024-09-30 05:19:36,the best
isep maulana,1,2024-09-30 05:08:14,Bikin akun baru juga di persulit dalam nama padahal sesuai KTP ini lah itulah jadi males pakeğŸ˜ 
Sarti Rahayu,2,2024-09-30 05:07:06,mau download fecabook life gk bisa kena apa ya
Ari indra Saputra,1,2024-09-30 05:06:02,Saya heran di Facebook ini sedikit kena pembatasan sering sukai video orang binatang memang kalau memang tidak bisa suka dan komentar video dan status orang hapus aplikasi ini jengkel saya jadinya
Azizah Azizah,5,2024-09-30 04:59:54,okeoke klw buat aku pribadi
Rania Rania,4,2024-09-30 04:59:52,Mntap
Iwan Ginanjar,5,2024-09-30 04:59:47,bagus banget pemandangannya
Devi Akhtora,5,2024-09-30 04:59:16,Sangat berguna. Tingkatkan terus fb pro. Mantap
R Mohammed Alam,3,2024-09-30 04:58:23,Sudah mulai baik...
Oland ST,5,2024-09-30 04:57:56,Bagus
Fandhy Rulaghi,5,2024-09-30 04:55:10,mantap
Iskandar 122,5,2024-09-30 04:53:02,sangat membantu
Raflhy 151,2,2024-09-30 04:48:49,Facebook toling jangan tampilkan iklan judi online di akun saya
Yasnidar Zebua,3,2024-09-30 04:47:07,Tolong di perbaiki lagi aplikasi Facebook nya bang/kak saya tidak bisa kirim bintang kepada sesama kreator. Notifnya tidak terjadi coba lagi atau muat ulang
Bush Inda,5,2024-09-30 04:45:05,Bintang 5
Susi Idayanti,5,2024-09-30 04:44:50,sangat puas
Leopardede Pardede,5,2024-09-30 04:43:48,TIDAK BIASA FACEBOOK LIVE
yust ups Si bungsu,5,2024-09-30 04:42:59,mantap pokoknya
Ilham Amanda,5,2024-09-30 04:42:45,good
Sofyan Sanusi,5,2024-09-30 04:42:40,Facebook sangan membantu saya berkomunikasi dengan teman jauh yg lama tak bertemu
Siti Masitoh,5,2024-09-30 04:42:30,Satu aja cukup
Sodikin Ikin,5,2024-09-30 04:40:55,Bgus
Suwarno,5,2024-09-30 04:36:43,"sangat mudah digunakan, membantu untuk saling berinteraksi menambah teman dan sangat menghibur"
Sumardi Wijaya,5,2024-09-30 04:36:33,Keren
Supriati Ningsih,5,2024-09-30 04:35:14,sangat bagusss
Rondi Kusuma,5,2024-09-30 04:33:03,Tolong jangan jadi penghancur pasangan orang lain. iri tanda tak mapu
Bang Daffa,5,2024-09-30 04:24:12,sangat baik
Fernando Marpaung,2,2024-09-30 04:23:16,"Lebih bagus fb lite dari pada ini, masa tombol kembali selalu otomatis langsung keluar ke arah beranda, misalnya kita cari akun orang trus kita buka komen, pas pencet kembali langsung ke beranda, kan asuu ini fb."
I Wayan Kayanta,5,2024-09-30 04:21:41,bagus
Stefania Wiwis,5,2024-09-30 04:21:35,"Update FB semoga tambah lancar dan tambah sukses, rejekinya mengalir dr FB nih.. Aminnn"
Sunar 234,5,2024-09-30 04:21:16,keren banget
Jaminuddin Arfan,1,2024-09-30 04:20:42,Parah bug
Alta Cahyanto,1,2024-09-30 04:18:01,Betulin woi aku mau coba login gw ga mau pake akun utama (akun ke 1) padahal gw mau pake akun lain tetep ga mau betulin woi!
Rey Tia,5,2024-09-30 04:17:25,nice
Pahyudi Baturaja,5,2024-09-30 04:12:16,saya Gmail untuk ber man gema di kerstor selamat menunaikan Gmail terima kasih yang mengunakan selamat Gmail
Jr.,5,2024-09-30 04:12:07,sangat bagus jika facebook telah ditingkatkan dalam hal keamanan pengguna.
Kik Kuk,4,2024-09-30 04:11:38,bagus
Edy Syahputra,5,2024-09-30 04:08:43,terbaik
Nita Mustika,4,2024-09-30 04:07:29,ok
BETTI ADVENT,5,2024-09-30 04:02:36,sangat membantu
Sri Dg bau,5,2024-09-30 03:59:15,sangat bagus
Daniel gule,5,2024-09-30 03:55:27,Aplikasi yg sangat bagus
Santy Nahak,3,2024-09-30 03:54:02,Good
Nafal ikram Nafal,5,2024-09-30 03:52:26,Ok
bang Abol,5,2024-09-30 03:46:41,mantap
Lahutri Ila 1791,5,2024-09-30 03:45:13,Sempurna
Asnita Ainung Asnita Ainung,5,2024-09-30 03:43:48,Assalamualaikum
Rizqiya Zahra,1,2024-09-30 03:38:51,Susah
Andre Silalahi,1,2024-09-30 03:36:55,Setelah di update tanda ganti akun nya hilang
Hilda Hilda,1,2024-09-30 03:34:09,hidk
Syarifah lulu,5,2024-09-30 03:29:24,syritanfah Lulu
Cakra djafar,1,2024-09-30 03:27:44,Pemberitahuan hilang
Nurmiati,5,2024-09-30 03:25:59,bagus
Hendra Puspa,5,2024-09-30 03:21:10,ok
Dony Tritanto,5,2024-09-30 03:16:25,Good
Febri Muhammad,5,2024-09-30 03:15:34,Facebook keren
Idha Nayla,5,2024-09-30 03:12:15,terbaik
alyi Akbar,5,2024-09-30 03:06:20,sangat bagus
Soleha 123,5,2024-09-30 03:05:06,Ok
Apih04 Apih,1,2024-09-30 03:04:36,iy
Amir TO,5,2024-09-30 03:04:19,mantap
Arsila Safrina,5,2024-09-30 02:59:55,iklan selot nya di kurangi
Wawansyaiful Anwar,5,2024-09-30 02:54:41,setia sampai akhir hayat
Febby Ngemang,5,2024-09-30 02:53:38,sangat bermanfaat. thank's sharenya
Guna Wan,5,2024-09-30 02:53:33,sangat bagus
FIRDAUS BANGKO,5,2024-09-30 02:53:04,Bagus
Muslim Power,5,2024-09-30 02:50:17,suka
Sam Sudin,5,2024-09-30 02:49:01,Sangat membantu lebih bagus
Dewi Sartika,5,2024-09-30 02:37:04,ğŸ‘ğŸ‘ğŸ‘ğŸ‘ğŸ‘ğŸ‘ğŸ‘ğŸ‘ğŸ‘ğŸ‘ğŸ‘ğŸ‘ğŸ‘
Okaf Schizo,5,2024-09-30 02:35:38,good
Bunika bentojunior,5,2024-09-30 02:30:37,suka banget
Melsa Melsa,5,2024-09-30 02:29:09,Facebook sangat keren.sy harap untuk pemberian dolar ke akun yg sudah Monet jangan pelit ya min kasihan mereka butuh waktu tenaga dan biaya.fb keren memberikan peluang pekerjaan
Rusmadi Channel,4,2024-09-30 02:23:56,Mantap
Agus Zebua,5,2024-09-30 02:17:29,bagus
Hamdani Dani,3,2024-09-30 02:16:30,Sangat baik
AjayHandsome 21,1,2024-09-30 02:14:20,Keamanan privasi sangat buruk. Padahal tidak pernah login link phishing apapun . Bisa-bisanya di retas. Meta ğŸ‘ğŸ‘ğŸ‘
imran sanjaya,5,2024-09-30 02:08:54,baik
hikma sabil,5,2024-09-30 01:57:58,good
Bayoe Indra,5,2024-09-30 01:57:38,sangat memuaskan
abang as'ad,4,2024-09-30 01:56:47,sangat membantu dalam mencari hal hal yg baru
Agliyana Sugiarti,5,2024-09-30 01:55:08,masih pemula â˜ºï¸ semoga bisa yaah kayak konten kreator lainnya
katrinaambu kaka,5,2024-09-30 01:52:29,sangat ğŸ‘Baik
Gun Gun,5,2024-09-30 01:51:21,Knpaa aploudan vidio saya ga muncul di beranda..
Edius Mo,4,2024-09-30 01:46:26,"Suda di update tapi saat login ke game selalu bilang aplikasi tidak aktif, masalahnya di mana tolong di perbaikiğŸ™"
Ahmad Mawalid,5,2024-09-30 01:42:39,sukses selalu
Jumha Ri,4,2024-09-30 01:39:57,sangat bagus
Danga Ali Hau,1,2024-09-30 01:38:56,"kenapa menu menu pemberitahuan di bagian atas selalu hilang, pada hal sudah update, bahkan uninstal baru download lagi,tetap juga selalu eror"
Holik Abdulholik,5,2024-09-30 01:31:44,Mantap banget ini aplikasihnya.
H. ENNI,5,2024-09-30 01:29:35,Semogah kedepan lebih baik
Bunda Adam,4,2024-09-30 01:29:16,"Knp FB nya g ada mode profesional nya. Di cari"" g bisa ke bukağŸ™ğŸ™ğŸ™"
Wiraa channel,5,2024-09-30 01:27:45,mantap
sajong Mole,5,2024-09-30 01:25:23,Mohon aktifkan fitur real dan akses bintangnya min supaya saya bersemangat membuat konten
yeriko mof,5,2024-09-30 01:24:45,baik seekali
Yolandan Oktarita,5,2024-09-30 01:20:43,Bismillahirrahmanirrahim semoga apa yg saya impikan untuk jadi kenyataan.meraih masa depan keluarga saya dari Facebook Aamiin
Irwan Kuswanto gondrong gaul,4,2024-09-30 01:20:38,Semoga menjadi barokah aamiin
Catur Setyo,5,2024-09-30 01:17:50,kenapa setiap membuka meta selalu keluar sendiri dari aplikasi..
Mulyana Bin e basuki,5,2024-09-30 01:15:41,bagus
Delon De,5,2024-09-30 01:12:48,Aplikasi nya bagus banget
Yeye Ndutq,5,2024-09-30 01:11:32,Bagus bagus bagussss bangett
Nawin Nawin,5,2024-09-30 01:11:25,Sumber pengetahuan yang cukup signifikan dalam pengalaman kehidupan sehari-hari tentang bertukar pikiran untuk proses kehidupan yang lebih baik
Raka Saputra,5,2024-09-30 01:10:49,sangat bagus
Bang def Bang def,5,2024-09-30 01:10:14,oje
Lawawoi Sidenreng,4,2024-09-30 01:06:37,ILHAM
Bayu Permana,5,2024-09-30 00:57:43,Mantap
bujang kelana87,1,2024-09-30 00:55:53,knp sekarang komen orang lain tidak bisa dilihat.... padahal itu dapat membantu mengetahui informasi.. ğŸ’©
Abdul Hasan,5,2024-09-30 00:52:42,pemula
IRWAN HARIADI,5,2024-09-30 00:46:54,good
Amelia Cahyani,5,2024-09-30 00:43:27,Bagus
Zafar Zara (Zafar dan Zara),1,2024-09-30 00:43:19,Facebook sekarang sangat sangat aneh sembarangan tutup akun orang
Qhania Azhari,5,2024-09-30 00:39:47,Alhamdulillah sya senang skli menggunakan Facebook
Natasya Sinaga,3,2024-09-30 00:33:43,Honolulu koyo eliek dantrik
Amy Rizky,5,2024-09-30 00:33:34,ğŸ‘ğŸ½ğŸ‘ğŸ½
siti khamidah,5,2024-09-30 00:33:16,FACEBOOK MEMBUAT AKU BERSEMANGAT DAN BERSYUKUR KARENA BISA MENDAPAT PENGHASILAN TAMBAHAN DARI KONTEN
Nenong Yanda,3,2024-09-30 00:28:14,Pesan sampai di inbox terlalu lama..jadi kesannya slow respon ğŸ¤¦â€â™‚ï¸
Mahirah Mahirah,5,2024-09-30 00:27:06,sangat menyenangkan
Farah Maulud,5,2024-09-30 00:26:04,Baik
Muhammad Zakariyah,5,2024-09-30 00:24:00,Baik
Lia Maliani,5,2024-09-30 00:22:11,the best
M Zulkifli,5,2024-09-30 00:10:51,Seru
Fadil Penfolds,5,2024-09-30 00:09:24,abc
Muhamad Yunus,5,2024-09-30 00:05:37,Sangat bagus
Sulis Tyorini,4,2024-09-30 00:01:42,baik
WIANTO,4,2024-09-29 23:51:50,Sangat bagus
Nadar Usman,5,2024-09-29 23:51:03,mantap
Surya Darma,4,2024-09-29 23:49:37,Mantap
Giva Riski,1,2024-09-29 23:48:53,Tolong di perbaiki bug tidak ada fitur notif profil permintaan teman dll jadi susah untuk meninjau notifikasi
furqon alfaristy,1,2024-09-29 23:46:36,versi paling parah... banyak sekali bug nya
Vivo Indramayu,5,2024-09-29 23:43:26,Kenapa ga bisa buka marketplace
Sandranita Umar,5,2024-09-29 23:42:51,Sangat baik
Maryono Gajjello,4,2024-09-29 23:34:24,good
Dayu Sardian,5,2024-09-29 23:29:36,aplikasi yg sangat membantu
Kinanti Aurelia,5,2024-09-29 23:29:29,Keren
Muhammad fateh Radjasa,5,2024-09-29 23:27:48,Muhammad Fateh Sarah Khaakaa Bus Sri Sofia Poniman Papa Dedi Irawan lbu Hendika Sari Dyah Pak Ubay
Chelsea Adinda,5,2024-09-29 23:26:00,mantap
Dewi Osa,5,2024-09-29 23:15:28,apknya bagus banget
HADI SUGITO,1,2024-09-29 23:09:01,di update bukannya bener malah sering nge bug
Irwani Iwan,5,2024-09-29 23:07:17,Kecewa
Nur Dewi,1,2024-09-29 23:01:52,gaskan daku
Sugi Anto,5,2024-09-29 22:56:22,pikri
Sah Bandy,5,2024-09-29 22:54:36,tidak terlihat fitur bintang
Rosita May,5,2024-09-29 22:47:25,baik
Irfan bali Azzikra,5,2024-09-29 22:39:13,Bagus sekali cuman akhir ini fitur pengaturan dan notifikasi hilang
Sang Destroyer,5,2024-09-29 22:34:50,sangat bagus
Jo Nar,5,2024-09-29 22:34:38,baguss sering beri pembatasan pada kami supaya kami tidak berkembang
Syaif 789,5,2024-09-29 22:32:28,ups
akun freefire,1,2024-09-29 22:29:03,Aneh
Anto Ahmad,5,2024-09-29 22:27:36,mantap
Gozali The goz,5,2024-09-29 22:26:03,baik
Rein 1993,4,2024-09-29 22:25:51,Oke
Diki Diki,2,2024-09-29 22:23:11,di update malah semakin buruk aflikasi menghilang.
ardi Sunardi,5,2024-09-29 22:13:27,very good
Gudang Ban Cirebon,5,2024-09-29 22:09:05,Membantu.. Utuk menyebarkan informasi secara cepat dan mengembangkan usaha
Saepullah saepullah,5,2024-09-29 22:08:16,superrr
Mumtaz Ali,5,2024-09-29 22:06:12,"Alhamdulillah di lancarkan segala nya, insyaallah bermanfaat ğŸ¤—"
Irwan Nazarudin,5,2024-09-29 22:02:29,sangat baik semoga ke depan nya sukses
Sentot Ngentot,5,2024-09-29 21:49:24,Sagat bagus
Suhartono Saja,5,2024-09-29 21:44:17,Cool
Hendra Koswara,5,2024-09-29 21:43:26,gassssken
Gazali Gazali,5,2024-09-29 21:35:07,FRancdi yangk 3didi
Ating Ogan,5,2024-09-29 21:20:49,keren
NKY Ari,1,2024-09-29 21:18:02,"Beli bintang udh 3 hari tapi tidak masuk2. Padahal pembayaran sudah berhasil. Jangan gitu dong,itu belinya pakai uang!! Setidaknya isi lah fitur untuk complain ataupun untuk refund. Jangan menggelapkan dana pengguna. Meskipun nilainya tidak seberapa,tapi itu berharga buat pemula untuk nyawer."
Enysagita10,3,2024-09-29 20:59:16,"menurut ku terlalu bebas punya orang""tapi kenapa kalo punya saya serba salah"
Camko Gaming,1,2024-09-29 20:55:57,Fix delete number phone
Apriyanto Kale,5,2024-09-29 20:39:16,saya sangat senang
Muhammad Mullya mudaini,5,2024-09-29 20:35:48,Cakep
The â€œSpeak Factsâ€ Truth,1,2024-09-29 20:30:29,"kirim kode sms untuk login berjam jam tidak dikirim sama elo, minta ulang kirim balasnya ""anda menjengkelkan dan berperilaku tidak sopan"" LO YANG MENJENGKELKAN DAN TIDAK SOPAN, BAPAK MOYANG LO PIG !!!!!!"
Yanto Welder,5,2024-09-29 20:29:47,sangat membantu
Sity Maesaroh Maesaroh,4,2024-09-29 20:23:35,Bgus
Samawa Rea,5,2024-09-29 20:17:41,sangat bermanfaat
Abhidin Ayuni,5,2024-09-29 20:14:57,Bagus
ramadhan Putra,5,2024-09-29 20:11:00,saat baik
Mamah Ria,5,2024-09-29 20:01:19,ğŸ¥°ğŸ¥°
Phuphut Lheo,5,2024-09-29 19:46:25,ok
Jupry ikom,5,2024-09-29 19:44:15,Mantul
AyuBaliSpa BaliSpa,5,2024-09-29 19:33:16,sangat bagus
Azizil Rohim,5,2024-09-29 19:28:01,Fecebok sangat apk yang membantu
Uhex Yasir,5,2024-09-29 19:19:17,mntap
Anggi Salon999,5,2024-09-29 19:16:06,"sebenarnya kagen dengan aplikasi Facebook., sudah mau masuk 3 bukan sebentar lagi, akun ku sampe sekarang ID Anggita MirZani belum bisa ku gapai, karena banyak kendala, tapi di satu sisi mbah google tidak mengijinkan, mala di jadikan tambah susah lg, padahal sudah di jelasin sedetail mungkinğŸ˜¢"
nda,3,2024-09-29 19:11:20,tolong tambah fitur agar bisa mengetahui akun yang batal mengikuti
ogi pratama24,5,2024-09-29 19:06:11,mantap
RIZO VAGANZA,3,2024-09-29 18:57:46,Apk yg bagus buat ngisi waktu kosong
Naura Hasna,5,2024-09-29 18:54:07,sangat bermanfaat sekali
Sanny Sanny,4,2024-09-29 18:48:55,Saya suka dengan aplikasi 6
Silvana Tangkowit,5,2024-09-29 18:47:29,di pertingkat soal jaringan
Kiki Liu,5,2024-09-29 18:44:34,Sangat penting bagi saya untuk berinteraksi dengan teman dengan menggunakan kan fb
Imas Komalasari,5,2024-09-29 18:37:47,Good sangat suka
Suef 1980,5,2024-09-29 18:33:56,Fb pro.keren
Cherbond Motor,5,2024-09-29 18:32:49,Bisa membantu menjaring konsumen melalui jemaah facebookiyah
EDCA Tutorial,5,2024-09-29 18:31:22,"Udah uninstal trs instal ulamg, tetep aja notif gak bisa di buka.."
eis kartika,5,2024-09-29 18:23:25,ğŸ‘ğŸ‘ğŸ‘ğŸ‘ğŸ‘ğŸ‘ğŸ‘ğŸ‘ğŸ‘
Darto Edan58,5,2024-09-29 18:23:12,lumayan
Taufik Hidayat,5,2024-09-29 18:21:57,Sangat bgs
Abdurahman Man,3,2024-09-29 18:20:12,kurangi iklan mind
karenz rayosdelsol,1,2024-09-29 18:13:17,"Gajelas aplikasi terbodoh, dikit dikit ngebug sekalinya ngebug jangka waktunya sangat lama, perbaikin dong"
mulyadi leo,5,2024-09-29 18:12:32,bagus tapi untuk cat nya tidak bisa di perbarui
UjaNk Ade,5,2024-09-29 18:11:10,luar biasa
gopar selalu,5,2024-09-29 18:08:13,"smnga semakin berjaya dan sukses slalu buat facebook profesional ,aminğŸ¤²ğŸ¤²"
Ade Rajab,5,2024-09-29 17:58:41,keren
Valentino Syaputra,5,2024-09-29 17:58:01,aplikasi nya bgus
Hera theevil,5,2024-09-29 17:53:45,sangat bagus
Delima Sinaga,5,2024-09-29 17:51:31,Mantap
GG geming geming,5,2024-09-29 17:46:09,oooouuuu mau good
Ayah E Whildhan,5,2024-09-29 17:40:33,suka
Vivo Bma,5,2024-09-29 17:36:29,Terbaik
Heri Ariel Firmansyah,2,2024-09-29 17:31:16,"Fb ini bnyak konten negatf nya kok lolos ya padahal bisa merusk moral anak"" karna isinya tidak mendidik"
Ahsin Masur,1,2024-09-29 17:31:12,Terimakasih kasih. Aplikasi nya sangat bagus ğŸ™ğŸ™ğŸ™
Saepul Bakri,5,2024-09-29 17:25:29,Ok
Pengguna Google,5,2024-09-29 17:23:45,Vidi M
Alfaro Bravo,1,2024-09-29 17:20:21,"Aplikasi semakin parah aja,,lelet ampun"
Samud Play,2,2024-09-29 17:19:19,"Fb skrang sensitif banget fb kena bajak karna hp nya hilang, malah jadi di noaktifkan akun padahal akun fb dari pertama ada fb sakit hati banget gua"
Unna Piter,5,2024-09-29 17:19:09,Bagus bgt utk saya
Putu Pastika,5,2024-09-29 17:17:43,Good
Nurul Hidayanti,5,2024-09-29 17:17:37,Aplikasi FB emang the best semoga jadi ladang penghasilan ku.. dan untuk fitur2 nya semoga kalau eror segera bisa di perbaiki lagi
CHOMAR,4,2024-09-29 17:12:47,Lumayan Okkk.... ğŸ‘ğŸ‘
Rani Rahmawati,5,2024-09-29 17:09:19,Its oke
Kholifah Lifa,5,2024-09-29 17:08:53,ğŸ˜Š
Toko bypas Sejahtera,5,2024-09-29 17:07:36,Facebook meta is the best in the world ğŸ‘ŒğŸ˜
Arty leocentil,5,2024-09-29 17:01:11,"Masi baru fi fb, tapi aku kasih binta lima gaeesssğŸ˜"
Zenal Arifin,5,2024-09-29 16:58:55,bagus
Solikhin Ganteng,5,2024-09-29 16:58:48,Menyenangkan menambah wawasan...
Kiki Anggreni,5,2024-09-29 16:56:56,"Bagus banget,"
Gala Gle,5,2024-09-29 16:54:02,ok
Rendi Muhammad,3,2024-09-29 16:49:53,ê§â¤â€¢à¼†$â„›â„°â„•â……á½â„’â¤ï¸à¼’ê§‚
Enok Jubaedah,1,2024-09-29 16:48:55,Trimakasi Fb krena dengan ada nyafb Bisa terhubung dgn kluarga jauh dan gakcuma itu siraturahmi dgn teman pun lancar ğŸ‘ƒ
Andaresta rivaldo Rival,5,2024-09-29 16:47:42,Ok
Andi ekopriyadi Ekopriyadi,5,2024-09-29 16:45:29,Jooosss
Madalih Madalih,2,2024-09-29 16:42:17,mntap
Zulham Zulham,5,2024-09-29 16:42:14,"Saya sangat berharap,Facebook bisa lebih baik lagi.agar semua pengguna akan merasa nyaman menggunakan Facebook.hanya satu yang saya pinta,bertindak tegas lah kepada para pembajak akun Facebook.agar kami pengguna bisa merasa nyaman...ğŸ™ğŸ™ğŸ™"
Fatan Putra,5,2024-09-29 16:41:59,mntap
MTs Sudirman,5,2024-09-29 16:35:41,"Media untuk seluruh umat manusia, manfaatkan untuk kebaikan.."
Toto Slamet,3,2024-09-29 16:34:48,Ok
Sifa Nuralawiyah,5,2024-09-29 16:32:37,"Jakarta, 29 September 2024 Yth. Team Facebook Saya atas nama sifa Nur Alawiyah Ingin memberikan informasi mengenai akun Facebook saya yang bernama sifah nurawaliyah dengan menggunakan poto profil 2 anak kecil berbaju biru didalam mobil telah mengalami pembajakan dari oknum yang tidak bertanggung jawab, Saya memohon bantuan kepada team Facebook kiranya agar memblokir permanen Facebook saya karena sudah banyak korban penipuan di akun saya yang sudah dibajak itu Saya sangat memohon bantuannya."
Ajari Aku,5,2024-09-29 16:31:22,bagus
Harif Idham,1,2024-09-29 16:27:49,"saya sangat kecewa sama pihak martceples tidak ada prikemanusian,main blokir aja sangat kacau"
Ratmi Ratmi,5,2024-09-29 16:24:00,Sering error
Nova Yatna,4,2024-09-29 16:23:46,Lumayan lahh
Mila Kartika,5,2024-09-29 16:22:43,"bagus banget dengan fitur yang jauh berbeda dengan yang dulu,,rekomended"
Eyang Gembor,5,2024-09-29 16:20:28,Sangat suka dan membantu saya lanjutkan kasih lagi fitur yang bagus apdet terus aplikasi nya
Muhammad Fajar,5,2024-09-29 16:12:16,sangat berguna.. ğŸ‘ğŸ»ğŸ‘ğŸ»
Tok Tugu,5,2024-09-29 16:10:08,ğ’šğ’†ğ’”
Rilawaty Moriju,5,2024-09-29 16:09:08,Luar
Fikar Brew,5,2024-09-29 16:08:48,sangat bagus
Jajat Sudrajat,5,2024-09-29 16:08:15,mantap
Abdul Gofur,5,2024-09-29 16:06:56,jangkauan luas
Farhan Nudin,5,2024-09-29 16:05:23,ok
Karna Setiawan,5,2024-09-29 16:02:20,acc iklan reel nya mba meta
Asep Fals,5,2024-09-29 16:01:29,sangat keren ğŸ‘
Amin Minda,5,2024-09-29 15:59:03,mantap
Putra Saputra,5,2024-09-29 15:56:15,sangat bagus
Lukman Saad,5,2024-09-29 15:50:27,Dengan ini aq bisa cari tmn dn punya teman baru. Dn busa menyimpan semua foto dn video biyar gk hilang
Putu Sumitrayasa,1,2024-09-29 15:48:41,"Mau ganti akun sulit banget harus selalu lewat Ig, gada pilihan ke akun Facebook lain kah? Bukannya makin dipermudah malah makin sulit"
Ahmad Safar,5,2024-09-29 15:48:12,sangat bagus sekali
Teh ica Icha,1,2024-09-29 15:47:57,Ram coba sedikit
RASITA RASITA,3,2024-09-29 15:46:45,RASITA RASIH
Herry Susanto,4,2024-09-29 15:46:10,sangat baik
ade indra,4,2024-09-29 15:42:26,kren
Ai Santia,5,2024-09-29 15:42:01,Sangat cocok bagi ku
Mel Gibson,5,2024-09-29 15:41:22,Terbaik ğŸ‘ğŸ’¯
Rinaldy Dwi Permana,1,2024-09-29 15:39:56,"Pengaturan data nya aneh, kuota banyak juga dianggap abis aja terus"
Zoniel manullang,1,2024-09-29 15:37:36,Knp akun FBI saya terus hilang
I'm Kisana,1,2024-09-29 15:36:53,Gimana sih masa saya akun saya hilang gara gara waktu sesi habis mana di akun itu ad akun gamenya lagi ini maksudnya gimana bisa di jelasin
sakti ritonga,5,2024-09-29 15:35:01,Mantab sih Kenapa akhir ini selalu eror ya
Juniardi Ardi,5,2024-09-29 15:34:16,sangat bagus
Jahrodi Indo,5,2024-09-29 15:31:12,Bagus
Rafardhan Arka,5,2024-09-29 15:31:07,ok good job
Yali Pabuang,5,2024-09-29 15:30:01,mantap dan bisa membantu
Udin Kedua,1,2024-09-29 15:24:41,Sangabermafaat
Yarmin Gea,5,2024-09-29 15:22:58,mantep
Aris Wijaya,5,2024-09-29 15:22:32,Luar biasa
Amer 1234,5,2024-09-29 15:21:03,baik sekali
Andi Sugianto,5,2024-09-29 15:20:26,sangat membantu
Timo Trumpa,5,2024-09-29 15:19:13,Mantap
Maman Mansur,5,2024-09-29 15:17:09,Ingin selalu aktif
Mus Safaah,3,2024-09-29 15:16:45,Akun ku tidak muncul aktifkan mode profesional
Farhan Alter,1,2024-09-29 15:15:42,"Editor bawaan sangat aneh, video yang awalnya dari lanskap malah jadi portrait...... Belum lagi resolusi di hancurin"
Yogi Sugiarto,4,2024-09-29 15:13:58,Saya sangat memerlukan layanan ini
Yanto.optik08@gmail.com Optik,5,2024-09-29 15:12:29,Sangat mmbantu sy mndaptkan informasi
bang win art,5,2024-09-29 15:12:26,Pemberitahuan nya ko eror ni hadeh
Andi Ka,5,2024-09-29 15:10:49,Semoga bisa sukses di sini ğŸ’ğŸ’ğŸ’
Winandi G Pratama,5,2024-09-29 15:10:15,Jejaring sosial terbaik
Jenonk Wong,4,2024-09-29 15:10:13,"fitur ini bagus sangat membantu dan keren,..cuman syg di sini tidak ada notifikasi y dan kurang cepat"
Rasid,5,2024-09-29 15:10:06,Oky sangat bagus
Beat Racing,1,2024-09-29 15:09:02,Lemot banyak masalah akun saya mau nambah teman gak bisa bisa apknya eror
aris sukma,5,2024-09-29 15:03:09,sukses selalu
Muhammad giefary Sanjaya,1,2024-09-29 15:01:30,anjg akun gw di hack minta balikin an j mau bukti kah? babi lah facebook poke gw udh top up di game pake akun facebook jutaan kena hack bangst
Fahmi fauzie,5,2024-09-29 15:00:28,Bgus
HEPPY VARIASI MOTOR,5,2024-09-29 14:59:02,semuanya boleh melihat Postinga saya
Christiana Triewahyuningceh,4,2024-09-29 14:55:06,FB makin lama makin banyak aturanğŸ˜„
Aye Rahai,5,2024-09-29 14:54:17,Aku sangat puas dengan Fbpro ini
Adam Dano,5,2024-09-29 14:50:40,Facebook sangat membantu saya untuk berinteraksi dengan orang di sekitar lokasi dan sangat bermanfaat untuk semua orang berteman berkenalan dan saling mengetahui dunia modern saya sangat suka mengunakan aplikasi Facebook ğŸ¥°ğŸ¤—ğŸ’—ğŸ˜˜
yuhman bastian,5,2024-09-29 14:47:52,sangat luar biasa sukses selalu
Robali Waruwu,5,2024-09-29 14:47:40,bagus
sopan sopyan,5,2024-09-29 14:47:11,"Bagus, pertahankan"
Jonaidi Sikumbang,4,2024-09-29 14:46:44,Bagus
Rohim124 Oimwaterblack,3,2024-09-29 14:45:12,"Sebenarnya bagus facebook buat hiburan, tapi tolong dong buat facebook jangan ada sex sualnya sama tolong dong kalo ada komentar buruk diapus minimal di terima lah laporan kita."
Ali Topan,5,2024-09-29 14:44:23,"Baik, terus dipertahankan dan ditingkatkan"
Chandra B,5,2024-09-29 14:43:26,Apk ini sangat baik
bojes fu,5,2024-09-29 14:42:52,sangat memuaskan
Nong Uwie,5,2024-09-29 14:42:17,bagus
Adinda Ismail,5,2024-09-29 14:41:56,bgus
Muhammad Rayyan Saputra,1,2024-09-29 14:39:32,Akun saya tibaÂ² logout begitu mau login lagi malah gak bisa terus saya ganti password baru tapi tetap gak bisa login malah suruh bikin akun baru jadi saya terpaksa bikin akun baru gimana ini sekelas Facebook bisa2nya masalah login eror
Hambali Saragih,5,2024-09-29 14:39:16,aplikasi sangat bagusğŸ¥°ğŸ¥°ğŸ¥°
BARBERSHOP THB,5,2024-09-29 14:39:00,Bagus dan puas
Ipank Lake,5,2024-09-29 14:38:33,Good
Izar Kaka,5,2024-09-29 14:37:29,sangat baik
Raditya Randy,5,2024-09-29 14:37:21,bgus
caca resti,5,2024-09-29 14:36:56,Bagus
Asep Saepulrohman,5,2024-09-29 14:35:39,mantap
Sahrul Hasibuan,5,2024-09-29 14:35:37,Mantap
Ruslan Brkh,5,2024-09-29 14:32:02,Bagus banget
Novi Marlina,1,2024-09-29 14:31:58,Bekerja
Demong Jr,5,2024-09-29 14:31:52,Sempurna
Asep Wahyu,5,2024-09-29 14:29:27,Semoga bisa menggunakan nya dengan bijak dan bsa jdi konten kreator lain nya...ğŸ™
Zaenal Arifin,5,2024-09-29 14:28:09,sukses terus memang bantu
Roni Setiawan,5,2024-09-29 14:26:39,bagus
Dicky Ramdani,5,2024-09-29 14:25:28,semoga jadi konten kreator terkenal
Elfandermahino Fander,5,2024-09-29 14:23:53,trima kasihğŸ™ğŸ™ğŸ¥°ğŸ¥°
Nida Dita,5,2024-09-29 14:23:17,sangat membantu
Rizky Dolla,5,2024-09-29 14:21:21,Josssssss
abi gunawan,3,2024-09-29 14:20:06,Iklan
Frans Ndruru,5,2024-09-29 14:19:11,"Facebook sangat menarik untuk menjangkau perkenalan diseluruh dunia,terimakasih Facebook"
Ryand Ponsel,4,2024-09-29 14:18:11,terima kasih Facebook penuh dengan keindahan dan ke mudahan untuk ber sosialisasi Atar sesama semoga tetap baik dan menuju lebih baik lagi
awatul fiqram,5,2024-09-29 14:16:36,Kenapa rumus matematika itu susah dan familia Bombyliidae
Reynand Raja,5,2024-09-29 14:16:33,Mode frosional
Hendri,5,2024-09-29 14:16:09,Qwerty
NELCY Namah,3,2024-09-29 14:12:52,29 o9 2024
Dian Praja,1,2024-09-29 14:11:40,Abis update kok ngebug yaaa.. menu notif. friend request dan barisan lainnya ilang.. di restart muncul tpi tutup apk dan buka lagi ilangg .. gimana nih apa harus down grade saja?
Ripa Ropiyana,5,2024-09-29 14:10:05,Ok
Niger Fallo,5,2024-09-29 14:05:47,sukses !!ğŸ‘ğŸ‘
Siti Magfiroh,5,2024-09-29 14:04:36,"kenapa akun punya saya dollar bintang ga ada,,pdhal stiap fitur bintang muncul,dan tantangan slese tapi dollarnya ga ada,,udah upgread ke yg baru tetep ga ada,,punya temenku juga kek gini,,"
Sugito,5,2024-09-29 14:03:29,GK bisa dibuka
Ondo Jalur,3,2024-09-29 14:03:06,tes dulu
Rasta Mania,5,2024-09-29 14:03:04,mantap
iqbal eza,1,2024-09-29 14:02:40,Buruk terlalu banyar reels ga jelas di beranda
Jaye Raj,5,2024-09-29 13:59:20,Edi tumper sayur
Aldi NA,5,2024-09-29 13:57:46,sangat baik
Adek Naufal,5,2024-09-29 13:55:54,FB tetap yg terbaik walaupun banyak aplikasi tapi FB tetap nomor satu
fega Bll,5,2024-09-29 13:55:37,kerja bagus
Julia Lestari,3,2024-09-29 13:52:38,ok
Sinti Sinti,2,2024-09-29 13:52:04,makasih banyak ya
Misel Kaka,3,2024-09-29 13:48:09,Fbnya loading bngat
Gusti Ayu eka,4,2024-09-29 13:44:13,good
Inye Rohomok,5,2024-09-29 13:42:55,Ok bagus sekli sngr cept
Arsya Alfaiq,5,2024-09-29 13:42:30,Terimakasih semoga akun saya cepat berkembang.
inspirasi,5,2024-09-29 13:42:18,Belanja langsung di Pabrik NISSIN
Pepen pepen pams,5,2024-09-29 13:41:28,Sangat membantu
Fahrul Rohman,5,2024-09-29 13:41:09,Lancar
Maulana Yusuf,5,2024-09-29 13:40:15,Facebook mantaaaap....ğŸ‘ğŸ‘ğŸ‘
Ley Tia,4,2024-09-29 13:39:49,Sangatlah bermanfaat
Daniella Bee Queen,5,2024-09-29 13:37:53,"Selalu banyak bersyukur,tetap optimis dan tidak mudah menyerahğŸ™ğŸ’ª"
This Theties,5,2024-09-29 13:36:17,is the best Pokona
Asterius sangu ate,5,2024-09-29 13:35:35,"halo,tetap semangat"
Jefry Vhina,4,2024-09-29 13:35:28,semoga saya berhasil dalam menggunakan fbpro
Nur Hedi,5,2024-09-29 13:34:06,Di akun ke dua ku kenapa akun pembayaran tidak bisa di update mohon bantuannya mind sekian terimakasihğŸ™ dan sering terjadi bug parah ğŸ™
Jeffrysufryanto Siringoringo,5,2024-09-29 13:33:18,Sgt puas
KENTOZ UCIL,5,2024-09-29 13:30:07,level saya stuk di level 2
Adam Faizal,5,2024-09-29 13:28:41,"Yg sering ngeluh tentang apk ini, coba bacakan allohumma solli allaa sayyidiinaaa muhammadd.."
Fahru Bejo (Fahru roji),5,2024-09-29 13:24:21,ok
Selamet Sukri,5,2024-09-29 13:23:31,terbaik
Munawar Khalid,5,2024-09-29 13:23:19,Semoga FB menjadi lebih baik kedepan
Dede Supriatna,5,2024-09-29 13:22:23,cakep
Sutar Tar,4,2024-09-29 13:22:17,Baik
ANGGI ANGGARA ANGGI,5,2024-09-29 13:21:45,mantap kk
Komang Gadian,5,2024-09-29 13:19:19,Saya suka pakai Facebook karna pengalamannya sangat baik bagi saya
Siti Humairah,5,2024-09-29 13:18:04,Bagus
Pocong Ngesot,1,2024-09-29 13:13:48,Gajelas amat marketplace nya
Ashab Sadadin,5,2024-09-29 13:13:23,mantap fb sekarang mempunyai fitur terbaru yaitu mendapatkan uang hasil upload foto Ayuk temen temen buruan download apk fb sekarang mempunyai fitur terbaru ayo coba sekarang dan kumpul kn uang sebanyak banyaknya.
Fiqih Alfiansyah Saputra,2,2024-09-29 13:10:46,Facebok saya error tolong dikembalikan ke semula trimakash
HAJI ALI RAHBINI AL_MADURI,2,2024-09-29 13:10:39,Ok
my prans,1,2024-09-29 13:02:08,"Kenapa ini bagian menu atas selalu hilang terus, selalu bgt"
Devi fratika Rd,5,2024-09-29 13:01:59,keren
Hendy Kusma,5,2024-09-29 12:58:45,mantap
Tina Jamilah,5,2024-09-29 12:57:26,barakallahu fiik
Alan Walkerajj,5,2024-09-29 12:55:46,mantaap
Aqil Cemong,4,2024-09-29 12:53:45,baik
Hasten Hpkutersayang,5,2024-09-29 12:51:27,mantap...dan opsionall
Telkomsel prabayar,5,2024-09-29 12:51:17,terima kasih
Del Than,5,2024-09-29 12:50:52,sukses selalu
Dangx Pungx STLH,5,2024-09-29 12:50:26,Top
Yadi Jaya,5,2024-09-29 12:50:09,good
Opick Wardhany,3,2024-09-29 12:48:17,"FB habis di perbarui, kok jadi beda' notif susah Muncul, Tolong tingktkan lagi sepwrti semula FB Nya"
Isaka Rahman,5,2024-09-29 12:47:02,luar biyasa atas partisipasi buat fbpro pemula
Netri Karnela,5,2024-09-29 12:43:28,Mantap
Syaeful Zuhri,5,2024-09-29 12:43:09,sukses terus
Didi Junaedi,5,2024-09-29 12:42:37,bagussss
Atep olih Haelulah,4,2024-09-29 12:40:39,sangat bagus
Gede Yoga,1,2024-09-29 12:39:33,Kecewa min. Notif sma pengagiran garis 3 hilang teruussss parahhhhhh
Asep Kamil,5,2024-09-29 12:38:48,Bgus ko
PPSG Tzyyy,1,2024-09-29 12:36:38,Facebook nya banyak bug sampe akun ku knk sensi tampa sebabğŸ¥²
Ripin,5,2024-09-29 12:35:48,bagus
Poli Hasifamunthe,1,2024-09-29 12:35:04,Selalubagus
Zumratul Ula,5,2024-09-29 12:32:48,"Mksih,,, hp samsung,,, nya. Ula ğŸ¤£ğŸ¤£ğŸ¤£."
CakDiekTvi,5,2024-09-29 12:31:50,okeinaja.
Bang Jon,5,2024-09-29 12:26:26,mantap
Pradipta amzaris Dipta SKB,5,2024-09-29 12:23:28,masyaallah
salon Mobil,5,2024-09-29 12:23:18,Avlikasi ini sangat bagus
deasy hendrawati,5,2024-09-29 12:22:52,Oke
Anisa Trihapsari,5,2024-09-29 12:20:59,Mantap josss
Aries Chan,4,2024-09-29 12:19:32,mntap
Uchiha madara,5,2024-09-29 12:17:30,bagus
Candra Islamiyanto,1,2024-09-29 12:14:16,Fb sering eror trus sih
Andi Novens,1,2024-09-29 12:08:30,"Sekin bodoh kali fb sekarang gak guna sama sekali bodoh, wow setel balek kek biasa akun game saya jadi korban ni, udah 9 tahun saya bermain geme hilang gara"" Fb idiot ini"
Rizal Zak,5,2024-09-29 12:06:50,Sangat membantu
Echo Fish Farm Lahat,1,2024-09-29 12:06:45,"FACEBOOK SEKARANG TAMBAH PARAH, ITU SALAH INI SALAH SERTA Terlalu banyak aturan ğŸ‘ğŸ»ğŸ‘ğŸ»ğŸ‘ğŸ»ğŸ‘ğŸ»"
Lingling,5,2024-09-29 12:05:44,Baik
Cu ai Ai,5,2024-09-29 12:03:03,Mantap jiwa kesegaran
Siska Sitanggang,5,2024-09-29 12:00:45,baik
Jhon Kiabeni,5,2024-09-29 11:57:07,mantap
Zaenal Saputra,2,2024-09-29 11:56:36,Ini gimana sih isi di aplikasi rataÂ² muncul +18 pasti muncul Bokeh . Tolong dong lebih bijak video foto kaya gitu di muncul kan ğŸ˜¡
Pengguna Google,5,2024-09-29 11:56:19,Jooozzzzz.....
seno ragil,4,2024-09-29 11:55:27,Layanan mohon di tingkatkan & jgn buat / klaim sefihak tanpa klarifikasi ke pengguna facebook
Azkha Sport,5,2024-09-29 11:51:45,semngat
iROEL LOEBIs,5,2024-09-29 11:50:47,keren..
muhamad mulya akbar,3,2024-09-29 11:49:18,ok
EX-ONE CH,1,2024-09-29 11:47:51,"Entah kenapa orangÂ² di Facebook g bisa saya percaya, banyak orang-orang baik tapi ternyata dia penipu,, Sebalik nya orang yg dikatakan penipu ternyata itu orang baik yg di tertipu, ada apa dengan pasar FB ini?"
Zahra Zakira,4,2024-09-29 11:43:56,"Apknya sebenarnya bagus, tapi kenapa nih apk seakan2 dukung iklan atau video tentang Judi Online/Game Slot?, ya kali tiap report video anime atau yang lain tapi ada logo situs judinya nggak bisa di report dan sistem apknya mengatakan ""video yang anda laporkan masih dalam standart komunitas kami, jadi kami tidak menghapusnya"", maksudnya gimana ini? Iklan dan video berbau Slot itu Standart kalian?, bahkan di pengaturan laporan FB nggak ada tulisan tentang pelanggaran untuk promo iklan judi online"
Khoirunnisa Divya Nasution,5,2024-09-29 11:42:50,GoodğŸ˜Š
Madi Susi,5,2024-09-29 11:41:59,mantaaap fecebook
Dedi Klewer,4,2024-09-29 11:41:47,Ok
Shapta Gumilang,5,2024-09-29 11:41:37,aplikasi nomor 1
Marsel Manubulu,5,2024-09-29 11:41:08,Bagus
Rudi Pratama,5,2024-09-29 11:41:02,Ok
Tasri Tasri,5,2024-09-29 11:39:57,MasyaAllah....mantab dan bagus
Mbah Nur Sada,5,2024-09-29 11:39:36,saya senang dengan pelayanannya
Luqman Respati,5,2024-09-29 11:37:37,Josss
Ningsih Punu,4,2024-09-29 11:36:54,ok
Bong edy Edy,5,2024-09-29 11:36:49,Sangat memuaskan kan
Firdaus Daus,5,2024-09-29 11:35:43,Sagat menghibur mka x ta kasih bintang ğŸŒŸ 5
Jokosiswoyo7878 Jokosiswoyo7878,5,2024-09-29 11:35:38,Top
Syakira Naya,1,2024-09-29 11:32:54,akun yang ku buat selalu aja hilang
Zain Al Rasyid,5,2024-09-29 11:32:46,Sebuah upaya merangkai harapan dengan doa dan usaha
Fadh Alamsyah,1,2024-09-29 11:30:52,Bnyk bug asli
Dina Lisnawati Saputri,1,2024-09-29 11:29:49,"Reset pasword aja lama padahal sudah pake email, begitu isi kode verifikasi ke facebook malah ga bisa.."
Rita Lestari,5,2024-09-29 11:27:08,Sangat baik
Rikson Rawi,5,2024-09-29 11:25:40,Bagus
Starla Bale,5,2024-09-29 11:23:52,Bagus
Putrii6488,5,2024-09-29 11:23:35,bgussss
Ade Kurniawan,5,2024-09-29 11:16:58,Kenapa saya sudah 4hari tidak bisa mengunggah reel maupun cerita
Hj andi Nurpuang,4,2024-09-29 11:14:10,AminnnğŸ¤²ğŸ»
Hendra prayudi,5,2024-09-29 11:14:03,ok
Fahkri Bareng,5,2024-09-29 11:13:53,Facebook terbaik untuk menjangkau semua orang
Rosid Rosidin,5,2024-09-29 11:13:22,keren
Brohim Jaya,5,2024-09-29 11:13:17,sip bagus
Nurpalah,5,2024-09-29 11:12:29,mantap
Dewasa Laki,1,2024-09-29 11:10:51,Kenapa akun gua hilang tolong beritahu saya
Kadek Sudiarta,5,2024-09-29 11:10:03,Fecebok ada menyadap gax bisa di buka
Suka Jalan,5,2024-09-29 11:09:45,Sudah lebih baik.
Ricardo Oppo,5,2024-09-29 11:09:11,sangat puas
Isfan Turrahman,5,2024-09-29 11:09:08,Mantaf mbak meta
Abdul Rohman,5,2024-09-29 11:07:39,Terlalu banyak iklan
Resa Maulana,5,2024-09-29 11:06:56,publik
Mbah Jo,5,2024-09-29 11:06:47,bibit2 unggul
Jegosan Faeyza,5,2024-09-29 11:04:29,"Adanya Facebook profesional, Facebook Semakin berkembang Memberi peluang untuk berkarya Dengan menawarkan penghasilan yang sangat luar biasa"
Eka Cmc,5,2024-09-29 11:04:04,Terbaik
Egoy Thea,1,2024-09-29 11:03:39,Facebook sekarang parah isinya kebanyakan fanpages/forum menghujat semua super parah bikin sdm konoha makin rendah.
Yessy Tipi,5,2024-09-29 11:03:17,aplikasi keren
Bung Arjun' eMail,5,2024-09-29 11:01:43,Baik
Pusatgrosir Unik,5,2024-09-29 10:59:04,Aplikasinya kok kayak kurang update
AULIA Saputri,5,2024-09-29 10:58:01,Jwleky
Lilis Agustina,5,2024-09-29 10:56:36,Gagal login selalu muncul sesi habis
Alfa Seko,5,2024-09-29 10:55:44,sangat membantu
gahar drakel,1,2024-09-29 10:55:41,Kenapa skarang iklannya bnyak betul..?
MOHAMAD DANURI,4,2024-09-29 10:55:00,Sangat bagus
Resti Agita,1,2024-09-29 10:53:28,Fb saya ada hek
Ellend Goo,5,2024-09-29 10:51:42,Sy sangat senang
Alini Wora,1,2024-09-29 10:50:57,Tidak sebaik sebelum nya
NilamSH 999,4,2024-09-29 10:49:41,Pemakai fb sejak ia eksis di medsos
persib bandung,5,2024-09-29 10:48:26,ber manfaat
Septemberman Laia,5,2024-09-29 10:48:04,saling follow
Akun Banding,1,2024-09-29 10:45:37,fb baperan
Sukesi Sugeng,5,2024-09-29 10:41:47,Smg Sy puas
Ina Hilwa,5,2024-09-29 10:41:02,aku sangat senang dengan vidio nyağŸ¥°ğŸ¥°
Cong JR,1,2024-09-29 10:36:32,Facebook apk ga jelas. Kata sandi benar email benar tidak dapat masuk di suruh reset sandi
Heri Siregar,5,2024-09-29 10:34:48,Sangat bagus sekali pakai aplikasi facebook ini enggak rugi lah kalok kalian donglot
Robin Mandela Sinaga,5,2024-09-29 10:34:16,mantap
Rafa Rafa,5,2024-09-29 10:31:03,Bagus si tapi sayang belum keinstal
TA'LIM,5,2024-09-29 10:30:43,terima kasih Facebook
suyoto wae,5,2024-09-29 10:30:25,Moga Facebook makin sukses
Johan Jo,5,2024-09-29 10:27:23,mantap
Santy Ina,5,2024-09-29 10:23:29,ğŸ¥³
Waluyo Aja,5,2024-09-29 10:22:18,Mntap
Arzila'arsyah Syah,4,2024-09-29 10:21:21,luwarbiasa
Retno Setyowati,1,2024-09-29 10:18:22,"Fb tidak bisa dibuka, tolong perbaiki segera, terimakasih"
Sangihe Pride,5,2024-09-29 10:17:43,aplikasinya sangat bagus
Rony Faisal,5,2024-09-29 10:16:46,Ok
Ardhy Risna,5,2024-09-29 10:11:59,Pokoknya mantaaaaaaaaf apk nya
Nata ta,5,2024-09-29 10:10:07,Oky
Dandi Kurniawan5299,1,2024-09-29 10:07:07,"Kebanyakan fitur, menghabiskan paket data di blkang layar"
Rindang Cahaya,5,2024-09-29 10:03:26,Ok
Mukhlis Ubh,5,2024-09-29 10:02:44,Ok
Kedai Kangdede,1,2024-09-29 10:01:35,Tolong untuk vidio yg berhungan dngn ketelanjangan akun nya di blok aja skrng facebook malah rusak dengan konten / vidik sesksual. Pantes aja anak di bawah umur pada hamil diluar nikah
Hamba Allah,1,2024-09-29 10:01:00,Apk rusak sekali logout ga bisa login padahal sandi sama nomer udah bener tapi eror terus tolong lah ini ssya mau login ke akun saya
Syukron Makmun,5,2024-09-29 10:00:12,Mohon kerjasamanya...
Narko prakosa,3,2024-09-29 09:55:32,saya senang memakai fb pro
Heriyanti Heriyanti,5,2024-09-29 09:49:22,Sangat membantu
Syahfari Taruna,3,2024-09-29 09:47:03,Bagus
Suherman Dadan,5,2024-09-29 09:43:04,mantap....
Ranidesi Yusuf,5,2024-09-29 09:42:21,MasyaAllah.... bagus bener tulisannya
Deri Riswanto,5,2024-09-29 09:41:35,Keren pokonya aplikasi ini
Eddy Rajendra,5,2024-09-29 09:39:08,good
Didi Mulyadi,5,2024-09-29 09:37:11,baik
Unyiel Raker,5,2024-09-29 09:36:16,keren
Saefudin Saefudin,5,2024-09-29 09:35:26,Keren
nyi layla,5,2024-09-29 09:32:05,Bagus
Suryadi Widya,1,2024-09-29 09:30:07,eaaaw
Ahmad Azaiki,5,2024-09-29 09:27:21,Mantap
Andin Amelia,5,2024-09-29 09:22:22,Ok baik
Taufiq Ihwanudin,5,2024-09-29 09:17:13,Luar biasa
Nurma Antoni,5,2024-09-29 09:16:55,Bagus banget pokoknya lahğŸ‘
Noval Aliando,1,2024-09-29 09:15:07,Dashboard profesional saya tidak bisa buka payah entah kenapa ... Maaf bintang satu cukup lah... Kalo udah bisa buka dashboard profesional saya tingkatin lagi
harold hamadi,5,2024-09-29 09:11:48,mantap
Radenhidayat,5,2024-09-29 09:08:15,sangat baik untuk menjalin persahabatan dan persaudaraan diantara komunitas.
Ardifebrian Anto,5,2024-09-29 09:08:10,"sangat luar biasa skarang fb ...sy sangat salut,banyak orang sukses karena menggunakannya"
bagas sigit,5,2024-09-29 09:07:13,good
Aetherna Kai,1,2024-09-29 09:05:38,mark anjjinggg
ROSITA MARKUS,5,2024-09-29 09:02:15,Facebook membantu untuk baik berkawan dan berinteraksi dgn orng bnyak atau intraksi luas...
Arman Putra bungsu,5,2024-09-29 09:01:43,semangat tanpa lelah
MUHAMMAD Idris,5,2024-09-29 09:01:16,facebook pro emang mantap
santoenjely Jha,5,2024-09-29 09:00:25,Selalu menjangkau ke seluruh dunia. Tidak ada lagi yang di ragukanâ˜º
Nadhira Ghania,1,2024-09-29 08:58:51,Ini kenapa Facebook reels ga bisa di scroll kebawah atau ke atas . Urusin lah ini bug nya . Dongo Amad..
Mira Selay,3,2024-09-29 08:58:37,Menyembunyikan kebenaran / tidak Akurat
Yanah Suryanah,2,2024-09-29 08:56:05,"Dalam seminggu ini, setiap hari selalu error. Buka FB gak ada notifnya. Kudu bolak balik uninstal, instal lagi, uninstal , install lagi. Gak bener2. Malah jadi susah buat buka FB"
Chian Cinna,2,2024-09-29 08:54:18,Sangat bagus
Siti Aminah,1,2024-09-29 08:53:00,Mantap
Muhammad ganda 13,5,2024-09-29 08:48:19,bgus
Anugrah Karim Amrulloh,5,2024-09-29 08:44:08,Mantap
Salsabila S,3,2024-09-29 08:41:59,Kenapa kok notifikasinya gak ada ya... mohon jawabanya trimakasih
Yuki Yura,4,2024-09-29 08:37:27,Bagus
Yandi Yandi,5,2024-09-29 08:37:05,FB oke
FZâ€¢BLA,5,2024-09-29 08:32:10,Bagus
Dedisupriyadi Dedi,5,2024-09-29 08:31:10,ok
Azizah Nurazzahra,5,2024-09-29 08:27:31,sangat bagus
Listi Sabelau,5,2024-09-29 08:26:43,Irlis samsa
komarudin kata,5,2024-09-29 08:19:41,poke e mantul
Rizky Maulana,1,2024-09-29 08:19:17,Apk gajelas kont gua login akun di kunci mulu gaguna
Siti Aminah,5,2024-09-29 08:18:22,keren bgt saya bersemangat trus dgn FB ne lah
Satria Dakewinu,5,2024-09-29 08:15:50,aplikasi ini sangat membantu saya
Mutia Tunisa,3,2024-09-29 08:12:59,FB aku ga bisa mode fro ih
Vinus Caca Gulo Cilodong,5,2024-09-29 08:12:31,Sangat Membantu Mencari Teman
Agung gumilar,5,2024-09-29 08:08:50,ok
Rizki Aditya,2,2024-09-29 08:04:35,kemanapun fb saya gak bisa comen dan like
Mabarff,1,2024-09-29 08:04:01,Facebook saya gak bisa buat akun
Tarung Derajat,5,2024-09-29 08:02:01,Sangat bagus
FIIJAYY 017,1,2024-09-29 08:01:44,"Ini gimana fb cuma buat jual beli ga neko neko, dapat penanggulanan, mana di suruh rekam muka haduh gaje bgt"
Uswa KH,5,2024-09-29 07:54:11,oke
Rusdi Rusdi,5,2024-09-29 07:53:07,Bagus
Regiana Ana,5,2024-09-29 07:47:32,sangat membantu dan menghibur serta dapat menghasilkan uang sungguh apresiasi yang luar biasa kepada kami pengguna Facebook
Sekar 2023,5,2024-09-29 07:47:09,GOOD
Iyan Gantur,4,2024-09-29 07:43:07,"sangat bagus kak, semangat kaka"
Badrud Tamam,5,2024-09-29 07:42:52,Aplikasi Nya Mantull Banget
Talep 09,5,2024-09-29 07:36:49,sangat sangat bagus sekali
Putri Alya shafiqha,5,2024-09-29 07:35:58,aplikasi yg terbaik dan terhebat bisa menghasilkan uang
hariri telsi,5,2024-09-29 07:35:02,tidakk pernah mengecewakan
Sabli Mario,5,2024-09-29 07:32:11,Sangat bagus
Angga Trisandi Putra,1,2024-09-29 07:25:47,Ikon pemberitahuannya mana ?
Aristo Forno,1,2024-09-29 07:25:26,mantap
Kokom Komariah,5,2024-09-29 07:24:56,terimakasi sangat membantu saya
Wiwin Make up,5,2024-09-29 07:17:08,ayok di follow fb kita
Juber Saputra,5,2024-09-29 07:14:09,keren
Ipan Hariyanto,3,2024-09-29 07:10:34,Apk ini sangat bagus untuk saya selain bisa mencari teman bisa dapat cuan
Bah Rahong,3,2024-09-29 07:04:06,ok
TIRAS sweet,5,2024-09-29 07:01:45,terimakasih
Markus Sekfamner,5,2024-09-29 07:01:32,Oprator
Amin Sholeh,5,2024-09-29 07:00:43,berguna.
Arira Bonsai,5,2024-09-29 07:00:00,semoga Facebook semakin terdepan dan bagus
dian taofik hidayat,5,2024-09-29 06:56:11,goog
anandi Jaya,5,2024-09-29 06:55:49,oke
Fandiahmad,4,2024-09-29 06:52:58,bagus mantap
Boy Lol,5,2024-09-29 06:51:40,good
Emi Suha,3,2024-09-29 06:49:04,baik
Dit,1,2024-09-29 06:48:42,Bug Mulu taaeeeeseee
Vera Susanti,4,2024-09-29 06:47:55,Menyimpan momen
Napa Novical,3,2024-09-29 06:47:26,Aplikasinya kurang bgus masa udah brp kli akun saya terkunci TPI ndk bisa diperbaiki lgi ğŸ¥²ğŸ˜‘
mmh wln,5,2024-09-29 06:44:50,Apk sangat bagus aku suka mempermudah mengenal teman persaudaraan dari sabang sampe meraukeğŸ«¶
THpro04,1,2024-09-29 06:43:48,"Banyak bug, seperti tidak bisa membuka link ke toko belanja karena harus punya data kuota yang padahal kuota masih banyak. Parah!"
Agista Putri,5,2024-09-29 06:43:32,Baik
Agung Agung,5,2024-09-29 06:41:38,Baik
Vithavira Viravitha,5,2024-09-29 06:37:38,bagus
Alfaro Bawole,5,2024-09-29 06:34:27,Sangat Bagus
Reymond Kapantow,1,2024-09-29 06:32:26,Sering eror
Muhid Kumar,1,2024-09-29 06:31:24,Notifikasi tidak muncul di apk
Roy Cureen,5,2024-09-29 06:30:07,fb memang assikkk
Jeni Laka,5,2024-09-29 06:29:50,Baik
Sumit Mito (Sumito. Sumit.),5,2024-09-29 06:23:40,Cukup baik direspons
